Date,Treatment_Plant,pH_Level,Turbidity_NTU,Chlorine_Level_mg_L,Bacteria_Count_CFU
2023-01-01,Ng'ethu,7.46,2.38,1.4,0.12
2023-01-01,Sasumua,7.12,1.58,0.79,0.0
2023-01-01,Ruiru,7.66,1.66,1.34,0.93
2023-01-01,Thika,7.48,1.17,1.35,1.56
2023-01-02,Ng'ethu,7.35,0.99,0.86,0.37
2023-01-02,Sasumua,7.56,0.43,1.33,1.12
2023-01-02,Ruiru,6.96,1.01,1.22,0.73
2023-01-02,Thika,7.66,1.43,1.58,0.64
2023-01-03,Ng'ethu,7.21,0.97,1.42,0.81
2023-01-03,Sasumua,7.69,1.81,0.59,0.23
2023-01-03,Ruiru,7.19,1.09,1.07,1.3
2023-01-03,Thika,7.86,1.35,1.12,0.45
2023-01-04,Ng'ethu,7.53,1.6,1.44,1.2
2023-01-04,Sasumua,6.81,1.42,1.62,0.58
2023-01-04,Ruiru,7.84,1.35,1.25,0.23
2023-01-04,Thika,7.17,1.86,1.46,0.81
2023-01-05,Ng'ethu,7.13,1.52,1.58,1.67
2023-01-05,Sasumua,7.4,0.67,1.45,0.66
2023-01-05,Ruiru,7.78,1.64,0.93,0.83
2023-01-05,Thika,7.89,1.43,0.89,0.01
2023-01-06,Ng'ethu,7.27,1.29,1.45,0.24
2023-01-06,Sasumua,7.97,0.83,1.9,1.66
2023-01-06,Ruiru,7.54,0.68,1.18,0.61
2023-01-06,Thika,7.12,1.65,0.95,0.44
2023-01-07,Ng'ethu,7.44,1.21,1.82,0.53
2023-01-07,Sasumua,7.63,1.57,1.31,1.01
2023-01-07,Ruiru,7.76,1.63,1.27,0.83
2023-01-07,Thika,7.46,1.04,1.18,0.92
2023-01-08,Ng'ethu,7.62,1.59,1.13,0.77
2023-01-08,Sasumua,7.33,1.66,1.13,0.89
2023-01-08,Ruiru,7.8,1.15,1.38,0.82
2023-01-08,Thika,8.11,1.39,1.41,0.81
2023-01-09,Ng'ethu,7.08,1.24,1.46,0.58
2023-01-09,Sasumua,6.83,1.48,0.87,0.87
2023-01-09,Ruiru,7.97,1.88,1.66,0.52
2023-01-09,Thika,7.46,0.98,0.99,0.34
2023-01-10,Ng'ethu,7.11,2.18,0.57,1.49
2023-01-10,Sasumua,7.87,1.75,0.87,0.01
2023-01-10,Ruiru,7.34,1.81,1.2,0.28
2023-01-10,Thika,7.84,2.34,1.13,0.85
2023-01-11,Ng'ethu,7.05,1.29,1.35,0.98
2023-01-11,Sasumua,7.35,1.36,1.07,0.66
2023-01-11,Ruiru,7.63,0.52,1.18,0.97
2023-01-11,Thika,7.33,1.26,1.06,0.56
2023-01-12,Ng'ethu,7.5,1.56,0.57,1.13
2023-01-12,Sasumua,7.41,2.47,0.84,0.37
2023-01-12,Ruiru,7.44,1.71,0.61,0.39
2023-01-12,Thika,7.68,1.03,1.61,0.57
2023-01-13,Ng'ethu,7.23,1.81,1.68,1.01
2023-01-13,Sasumua,7.88,2.34,0.92,1.27
2023-01-13,Ruiru,7.04,1.71,1.18,1.42
2023-01-13,Thika,7.85,1.78,1.29,1.05
2023-01-14,Ng'ethu,7.52,1.47,1.63,1.58
2023-01-14,Sasumua,7.46,1.62,1.22,0.0
2023-01-14,Ruiru,7.4,2.3,0.98,1.86
2023-01-14,Thika,7.85,1.7,1.37,0.34
2023-01-15,Ng'ethu,7.42,2.22,1.02,1.33
2023-01-15,Sasumua,7.09,0.9,1.77,0.79
2023-01-15,Ruiru,7.34,2.18,1.57,1.26
2023-01-15,Thika,7.33,1.36,1.29,1.15
2023-01-16,Ng'ethu,7.35,1.59,1.28,1.44
2023-01-16,Sasumua,7.73,0.75,1.14,0.34
2023-01-16,Ruiru,7.67,1.96,1.23,0.67
2023-01-16,Thika,7.52,1.6,1.01,0.19
2023-01-17,Ng'ethu,6.88,2.13,1.35,0.98
2023-01-17,Sasumua,7.88,0.87,0.68,0.99
2023-01-17,Ruiru,7.59,0.63,1.31,0.6
2023-01-17,Thika,7.26,1.33,0.47,0.5
2023-01-18,Ng'ethu,7.29,1.78,1.15,1.12
2023-01-18,Sasumua,6.74,1.08,1.37,0.65
2023-01-18,Ruiru,7.75,0.6,1.42,0.48
2023-01-18,Thika,7.28,2.0,1.55,1.32
2023-01-19,Ng'ethu,8.11,2.13,0.96,0.87
2023-01-19,Sasumua,7.39,2.51,1.53,0.71
2023-01-19,Ruiru,7.76,0.88,1.28,0.33
2023-01-19,Thika,6.99,1.89,1.47,1.03
2023-01-20,Ng'ethu,7.45,0.87,0.85,0.32
2023-01-20,Sasumua,7.43,2.04,1.52,0.0
2023-01-20,Ruiru,7.29,1.14,0.44,1.08
2023-01-20,Thika,7.43,1.44,1.6,0.84
2023-01-21,Ng'ethu,7.37,1.79,1.52,0.95
2023-01-21,Sasumua,7.71,1.43,1.18,0.86
2023-01-21,Ruiru,7.27,1.22,1.61,1.8
2023-01-21,Thika,7.98,0.84,0.77,0.2
2023-01-22,Ng'ethu,7.54,0.1,1.02,1.5
2023-01-22,Sasumua,7.79,1.25,1.07,1.08
2023-01-22,Ruiru,7.78,1.23,1.13,0.52
2023-01-22,Thika,7.1,1.39,1.11,0.17
2023-01-23,Ng'ethu,7.69,1.74,1.41,0.42
2023-01-23,Sasumua,6.9,1.73,1.0,0.35
2023-01-23,Ruiru,7.12,1.36,1.67,0.55
2023-01-23,Thika,7.17,1.83,1.25,0.0
2023-01-24,Ng'ethu,7.7,2.56,0.42,0.18
2023-01-24,Sasumua,6.65,1.46,1.5,0.85
2023-01-24,Ruiru,7.92,1.92,1.71,1.38
2023-01-24,Thika,7.38,1.53,0.94,0.68
2023-01-25,Ng'ethu,7.52,1.46,1.6,0.63
2023-01-25,Sasumua,7.22,1.07,1.4,0.1
2023-01-25,Ruiru,7.44,2.16,1.29,0.76
2023-01-25,Thika,7.49,0.99,0.94,0.7
2023-01-26,Ng'ethu,7.58,1.97,1.23,1.48
2023-01-26,Sasumua,7.98,1.9,1.57,0.3
2023-01-26,Ruiru,7.16,1.76,0.8,0.65
2023-01-26,Thika,7.73,2.21,1.12,0.48
2023-01-27,Ng'ethu,7.6,0.96,1.15,0.8
2023-01-27,Sasumua,7.49,1.54,0.95,0.44
2023-01-27,Ruiru,7.28,0.69,1.3,1.25
2023-01-27,Thika,7.74,1.37,0.96,1.17
2023-01-28,Ng'ethu,7.69,1.61,1.72,0.79
2023-01-28,Sasumua,7.42,1.3,0.73,1.13
2023-01-28,Ruiru,7.47,1.75,1.75,0.6
2023-01-28,Thika,6.8,1.74,1.25,0.43
2023-01-29,Ng'ethu,7.62,1.89,0.92,0.65
2023-01-29,Sasumua,7.94,1.14,1.22,0.0
2023-01-29,Ruiru,7.06,1.58,1.57,0.12
2023-01-29,Thika,7.52,1.31,1.49,0.19
2023-01-30,Ng'ethu,7.63,1.17,1.27,0.83
2023-01-30,Sasumua,7.42,1.74,1.21,0.73
2023-01-30,Ruiru,7.39,1.54,1.27,0.31
2023-01-30,Thika,7.4,0.97,1.19,0.5
2023-01-31,Ng'ethu,7.73,1.84,0.92,0.8
2023-01-31,Sasumua,7.69,1.41,0.98,0.25
2023-01-31,Ruiru,7.76,1.95,1.14,1.18
2023-01-31,Thika,6.61,2.16,1.15,0.87
2023-02-01,Ng'ethu,7.4,2.2,0.88,1.54
2023-02-01,Sasumua,7.62,1.81,1.1,0.15
2023-02-01,Ruiru,7.78,1.66,1.61,0.7
2023-02-01,Thika,7.37,2.19,1.77,0.8
2023-02-02,Ng'ethu,7.27,1.91,1.12,1.1
2023-02-02,Sasumua,7.42,2.28,0.99,1.04
2023-02-02,Ruiru,7.35,1.36,1.08,1.17
2023-02-02,Thika,7.78,1.78,1.17,0.87
2023-02-03,Ng'ethu,7.77,1.96,0.39,0.66
2023-02-03,Sasumua,7.43,1.83,1.18,1.16
2023-02-03,Ruiru,7.18,1.63,1.47,0.06
2023-02-03,Thika,8.25,2.1,1.2,0.39
2023-02-04,Ng'ethu,7.45,1.54,1.33,1.55
2023-02-04,Sasumua,7.36,1.78,0.81,0.59
2023-02-04,Ruiru,7.61,1.85,0.97,0.58
2023-02-04,Thika,7.94,2.08,1.26,0.0
2023-02-05,Ng'ethu,8.25,1.49,1.11,0.54
2023-02-05,Sasumua,7.61,1.69,1.49,0.34
2023-02-05,Ruiru,7.41,2.52,1.27,0.71
2023-02-05,Thika,7.22,1.75,1.51,1.24
2023-02-06,Ng'ethu,7.42,1.68,1.7,1.34
2023-02-06,Sasumua,7.26,0.23,1.29,1.2
2023-02-06,Ruiru,7.17,1.5,1.12,0.85
2023-02-06,Thika,7.34,2.15,1.24,0.36
2023-02-07,Ng'ethu,7.78,0.87,1.59,1.3
2023-02-07,Sasumua,7.92,1.42,1.05,0.84
2023-02-07,Ruiru,7.47,1.17,1.03,0.62
2023-02-07,Thika,7.15,1.84,1.18,0.65
2023-02-08,Ng'ethu,7.17,0.92,1.78,0.49
2023-02-08,Sasumua,7.68,1.58,0.37,1.7
2023-02-08,Ruiru,7.71,1.12,1.19,0.23
2023-02-08,Thika,8.05,1.05,1.04,0.44
2023-02-09,Ng'ethu,7.52,2.19,1.74,0.6
2023-02-09,Sasumua,7.61,1.54,0.91,2.01
2023-02-09,Ruiru,7.91,1.59,1.67,1.41
2023-02-09,Thika,7.52,1.66,1.65,0.33
2023-02-10,Ng'ethu,8.0,1.39,1.66,0.8
2023-02-10,Sasumua,7.6,1.48,1.04,0.66
2023-02-10,Ruiru,7.91,0.34,0.83,0.44
2023-02-10,Thika,7.18,2.25,1.58,1.1
2023-02-11,Ng'ethu,7.31,2.17,0.72,1.87
2023-02-11,Sasumua,7.29,1.37,1.07,0.26
2023-02-11,Ruiru,8.08,1.89,1.56,0.19
2023-02-11,Thika,7.55,1.76,1.28,0.22
2023-02-12,Ng'ethu,7.82,1.56,0.91,0.0
2023-02-12,Sasumua,7.68,2.73,0.9,0.89
2023-02-12,Ruiru,7.83,0.87,1.06,0.37
2023-02-12,Thika,7.8,2.16,1.25,0.38
2023-02-13,Ng'ethu,7.37,1.18,0.91,0.75
2023-02-13,Sasumua,7.67,1.75,1.2,0.83
2023-02-13,Ruiru,7.48,0.85,1.25,0.51
2023-02-13,Thika,7.1,1.69,1.02,0.91
2023-02-14,Ng'ethu,7.75,1.02,1.23,0.0
2023-02-14,Sasumua,7.96,0.82,1.05,1.47
2023-02-14,Ruiru,7.43,0.9,1.41,1.15
2023-02-14,Thika,7.31,1.24,1.07,0.7
2023-02-15,Ng'ethu,6.93,1.41,1.74,0.35
2023-02-15,Sasumua,7.32,0.91,1.38,1.4
2023-02-15,Ruiru,7.85,0.88,1.35,1.52
2023-02-15,Thika,7.65,1.74,1.06,0.91
2023-02-16,Ng'ethu,7.87,1.66,0.83,0.57
2023-02-16,Sasumua,7.86,1.66,1.24,0.52
2023-02-16,Ruiru,7.86,2.33,1.58,1.52
2023-02-16,Thika,7.39,1.25,1.15,0.82
2023-02-17,Ng'ethu,7.93,2.08,1.36,0.08
2023-02-17,Sasumua,6.99,1.62,1.46,0.76
2023-02-17,Ruiru,8.07,0.96,0.84,0.47
2023-02-17,Thika,7.29,1.76,1.07,0.03
2023-02-18,Ng'ethu,7.77,0.62,0.88,0.0
2023-02-18,Sasumua,7.56,1.59,1.77,1.26
2023-02-18,Ruiru,7.93,1.64,0.91,0.86
2023-02-18,Thika,7.68,1.85,1.06,1.04
2023-02-19,Ng'ethu,7.22,0.98,0.87,0.81
2023-02-19,Sasumua,7.15,1.29,1.47,0.29
2023-02-19,Ruiru,7.35,1.54,1.27,0.55
2023-02-19,Thika,7.74,1.8,1.54,0.76
2023-02-20,Ng'ethu,7.35,1.16,1.29,0.61
2023-02-20,Sasumua,7.33,1.28,0.99,0.9
2023-02-20,Ruiru,7.08,1.65,1.4,0.51
2023-02-20,Thika,8.08,1.51,0.73,0.66
2023-02-21,Ng'ethu,7.52,1.72,1.12,0.29
2023-02-21,Sasumua,7.17,1.17,1.03,0.23
2023-02-21,Ruiru,7.28,1.83,1.69,1.18
2023-02-21,Thika,7.89,1.99,1.45,0.63
2023-02-22,Ng'ethu,7.54,1.29,1.13,0.83
2023-02-22,Sasumua,7.71,1.71,1.15,0.83
2023-02-22,Ruiru,7.63,1.83,0.74,0.26
2023-02-22,Thika,7.83,1.47,1.07,0.67
2023-02-23,Ng'ethu,7.42,1.78,0.87,0.81
2023-02-23,Sasumua,7.57,1.7,1.27,1.06
2023-02-23,Ruiru,7.33,1.03,1.94,0.65
2023-02-23,Thika,7.44,1.84,1.68,0.53
2023-02-24,Ng'ethu,7.2,0.88,1.68,0.28
2023-02-24,Sasumua,7.49,1.01,0.77,0.65
2023-02-24,Ruiru,7.22,1.15,1.8,1.01
2023-02-24,Thika,7.78,1.91,1.17,0.58
2023-02-25,Ng'ethu,7.57,1.58,1.03,0.86
2023-02-25,Sasumua,7.29,1.41,1.1,0.17
2023-02-25,Ruiru,6.79,1.03,1.74,0.65
2023-02-25,Thika,7.73,0.44,0.9,0.12
2023-02-26,Ng'ethu,7.44,2.71,1.34,1.65
2023-02-26,Sasumua,7.42,2.18,1.82,0.75
2023-02-26,Ruiru,7.34,0.84,1.11,0.84
2023-02-26,Thika,8.11,0.85,1.22,0.0
2023-02-27,Ng'ethu,7.37,1.66,1.35,1.09
2023-02-27,Sasumua,7.62,1.79,1.21,0.28
2023-02-27,Ruiru,6.94,1.23,1.16,1.43
2023-02-27,Thika,7.47,1.4,1.32,0.66
2023-02-28,Ng'ethu,7.74,2.49,1.86,0.85
2023-02-28,Sasumua,7.6,2.29,1.16,1.14
2023-02-28,Ruiru,7.16,1.34,1.55,0.44
2023-02-28,Thika,7.46,0.71,1.8,1.43
2023-03-01,Ng'ethu,7.56,1.75,1.32,1.49
2023-03-01,Sasumua,7.34,1.87,1.52,1.41
2023-03-01,Ruiru,6.82,1.2,0.89,0.87
2023-03-01,Thika,6.9,0.48,1.85,1.11
2023-03-02,Ng'ethu,7.54,1.68,1.24,1.3
2023-03-02,Sasumua,7.31,1.59,1.27,0.28
2023-03-02,Ruiru,7.88,1.28,1.51,0.86
2023-03-02,Thika,7.99,0.98,0.87,0.35
2023-03-03,Ng'ethu,7.54,2.27,1.68,0.0
2023-03-03,Sasumua,7.57,0.0,1.44,1.36
2023-03-03,Ruiru,7.49,1.54,1.22,0.41
2023-03-03,Thika,7.63,1.38,1.48,0.74
2023-03-04,Ng'ethu,7.24,0.73,0.64,1.46
2023-03-04,Sasumua,7.36,1.67,1.73,0.52
2023-03-04,Ruiru,7.31,1.43,1.21,1.74
2023-03-04,Thika,7.97,1.81,1.63,0.71
2023-03-05,Ng'ethu,7.59,1.35,0.81,1.4
2023-03-05,Sasumua,7.66,1.51,1.2,0.05
2023-03-05,Ruiru,7.21,1.67,1.04,0.69
2023-03-05,Thika,7.47,1.16,0.91,0.0
2023-03-06,Ng'ethu,7.46,1.81,0.71,0.79
2023-03-06,Sasumua,7.58,1.01,1.63,0.61
2023-03-06,Ruiru,7.47,1.42,0.67,1.3
2023-03-06,Thika,7.21,1.38,1.38,1.53
2023-03-07,Ng'ethu,7.18,1.28,1.61,1.03
2023-03-07,Sasumua,7.7,0.97,1.09,0.72
2023-03-07,Ruiru,7.24,0.66,1.05,1.48
2023-03-07,Thika,7.52,2.19,1.25,0.42
2023-03-08,Ng'ethu,7.88,1.61,1.49,0.27
2023-03-08,Sasumua,7.81,2.03,1.29,0.4
2023-03-08,Ruiru,7.49,1.81,1.27,1.1
2023-03-08,Thika,7.8,1.18,0.85,0.78
2023-03-09,Ng'ethu,7.4,1.89,0.88,1.31
2023-03-09,Sasumua,7.91,1.5,1.22,0.42
2023-03-09,Ruiru,7.34,1.3,1.63,0.76
2023-03-09,Thika,7.1,1.63,1.45,0.79
2023-03-10,Ng'ethu,7.94,1.89,0.89,0.52
2023-03-10,Sasumua,7.57,0.67,1.3,0.0
2023-03-10,Ruiru,7.81,1.95,1.35,0.46
2023-03-10,Thika,7.55,1.24,0.89,0.63
2023-03-11,Ng'ethu,7.71,1.52,1.64,1.18
2023-03-11,Sasumua,7.7,0.7,1.11,0.27
2023-03-11,Ruiru,7.45,1.15,1.09,1.33
2023-03-11,Thika,7.64,2.0,0.72,0.83
2023-03-12,Ng'ethu,7.79,2.25,0.74,0.62
2023-03-12,Sasumua,7.81,1.4,0.93,0.03
2023-03-12,Ruiru,7.22,0.66,1.22,1.25
2023-03-12,Thika,7.12,1.63,1.45,0.8
2023-03-13,Ng'ethu,7.02,1.69,1.18,0.72
2023-03-13,Sasumua,7.34,1.54,1.35,2.0
2023-03-13,Ruiru,7.53,2.26,1.31,0.75
2023-03-13,Thika,7.54,0.89,1.29,0.0
2023-03-14,Ng'ethu,7.24,1.55,1.56,1.52
2023-03-14,Sasumua,7.43,1.58,1.5,0.14
2023-03-14,Ruiru,7.62,1.09,1.15,0.57
2023-03-14,Thika,7.63,1.78,1.47,0.97
2023-03-15,Ng'ethu,7.55,2.43,0.74,1.65
2023-03-15,Sasumua,7.41,1.79,1.1,0.45
2023-03-15,Ruiru,7.65,2.02,1.34,0.53
2023-03-15,Thika,8.58,2.1,1.48,0.62
2023-03-16,Ng'ethu,7.31,1.36,1.52,0.3
2023-03-16,Sasumua,7.18,1.77,1.3,0.41
2023-03-16,Ruiru,7.17,2.22,1.31,0.12
2023-03-16,Thika,7.11,1.32,1.42,1.1
2023-03-17,Ng'ethu,7.84,0.75,1.27,1.51
2023-03-17,Sasumua,7.9,1.68,1.9,1.1
2023-03-17,Ruiru,7.81,1.52,0.97,0.36
2023-03-17,Thika,7.55,1.39,0.67,0.29
2023-03-18,Ng'ethu,7.4,1.86,1.2,0.76
2023-03-18,Sasumua,7.2,1.51,1.6,0.88
2023-03-18,Ruiru,7.05,0.87,1.38,0.69
2023-03-18,Thika,7.48,1.19,1.35,0.65
2023-03-19,Ng'ethu,7.44,1.07,1.48,0.69
2023-03-19,Sasumua,7.68,0.9,1.72,1.44
2023-03-19,Ruiru,6.93,1.1,1.34,0.14
2023-03-19,Thika,7.46,1.71,1.14,1.07
2023-03-20,Ng'ethu,7.29,0.38,1.49,1.29
2023-03-20,Sasumua,8.25,0.4,1.43,0.0
2023-03-20,Ruiru,8.03,1.74,0.91,1.19
2023-03-20,Thika,7.33,1.65,1.26,1.67
2023-03-21,Ng'ethu,8.04,1.2,1.52,0.98
2023-03-21,Sasumua,7.08,1.15,1.9,0.98
2023-03-21,Ruiru,7.8,1.39,1.04,0.81
2023-03-21,Thika,7.42,0.75,0.9,1.15
2023-03-22,Ng'ethu,7.39,1.51,1.27,0.96
2023-03-22,Sasumua,7.84,0.95,1.37,1.18
2023-03-22,Ruiru,7.8,0.79,1.28,1.66
2023-03-22,Thika,7.47,1.74,1.43,0.29
2023-03-23,Ng'ethu,8.05,1.75,1.36,0.0
2023-03-23,Sasumua,7.74,1.75,1.69,0.64
2023-03-23,Ruiru,7.2,1.16,1.05,0.24
2023-03-23,Thika,7.89,2.16,1.14,0.6
2023-03-24,Ng'ethu,6.96,1.85,1.7,0.48
2023-03-24,Sasumua,7.46,1.72,1.72,0.9
2023-03-24,Ruiru,7.56,1.59,0.77,0.08
2023-03-24,Thika,7.26,2.01,1.1,0.54
2023-03-25,Ng'ethu,7.34,1.43,1.71,0.72
2023-03-25,Sasumua,7.26,1.51,1.73,0.55
2023-03-25,Ruiru,7.15,1.25,1.24,1.14
2023-03-25,Thika,7.8,0.98,0.91,0.64
2023-03-26,Ng'ethu,7.71,0.87,1.02,0.5
2023-03-26,Sasumua,7.78,1.76,1.47,1.47
2023-03-26,Ruiru,7.41,0.91,0.85,0.0
2023-03-26,Thika,7.36,1.31,1.44,0.81
2023-03-27,Ng'ethu,7.35,1.44,0.89,1.31
2023-03-27,Sasumua,7.26,0.93,1.45,1.09
2023-03-27,Ruiru,6.98,1.93,0.98,0.61
2023-03-27,Thika,7.56,1.79,1.33,0.78
2023-03-28,Ng'ethu,7.37,1.71,1.16,1.7
2023-03-28,Sasumua,7.68,1.04,1.06,0.82
2023-03-28,Ruiru,7.89,2.21,1.08,0.33
2023-03-28,Thika,7.18,1.63,1.89,1.07
2023-03-29,Ng'ethu,7.02,1.14,1.01,0.39
2023-03-29,Sasumua,7.38,1.68,1.4,1.35
2023-03-29,Ruiru,7.66,0.52,0.88,0.72
2023-03-29,Thika,7.54,1.93,1.21,0.83
2023-03-30,Ng'ethu,7.57,1.37,1.23,1.36
2023-03-30,Sasumua,7.47,1.48,1.19,1.45
2023-03-30,Ruiru,7.17,2.39,0.85,0.47
2023-03-30,Thika,7.72,2.02,0.78,0.25
2023-03-31,Ng'ethu,7.58,2.67,1.57,0.68
2023-03-31,Sasumua,6.77,1.54,1.31,0.61
2023-03-31,Ruiru,7.24,1.58,0.92,1.74
2023-03-31,Thika,7.96,1.83,1.23,0.47
2023-04-01,Ng'ethu,7.49,2.32,1.46,0.9
2023-04-01,Sasumua,7.78,1.77,1.32,1.29
2023-04-01,Ruiru,7.66,1.93,1.25,0.67
2023-04-01,Thika,7.34,1.17,0.72,0.34
2023-04-02,Ng'ethu,7.22,1.25,1.67,0.72
2023-04-02,Sasumua,7.57,1.64,1.68,0.51
2023-04-02,Ruiru,7.43,1.45,1.54,1.47
2023-04-02,Thika,7.64,2.12,1.25,0.71
2023-04-03,Ng'ethu,7.85,1.74,0.98,1.3
2023-04-03,Sasumua,7.44,1.33,1.47,0.76
2023-04-03,Ruiru,7.62,1.83,0.97,0.99
2023-04-03,Thika,7.9,1.02,1.33,0.39
2023-04-04,Ng'ethu,7.81,2.01,1.09,1.9
2023-04-04,Sasumua,7.83,1.85,1.4,1.29
2023-04-04,Ruiru,7.2,1.6,1.31,0.6
2023-04-04,Thika,7.64,2.12,1.07,0.77
2023-04-05,Ng'ethu,7.25,0.61,1.43,0.79
2023-04-05,Sasumua,7.51,1.01,1.14,1.35
2023-04-05,Ruiru,7.5,1.51,1.26,0.18
2023-04-05,Thika,7.69,0.87,0.92,0.28
2023-04-06,Ng'ethu,7.45,1.32,1.2,0.35
2023-04-06,Sasumua,7.8,1.92,1.15,0.56
2023-04-06,Ruiru,7.33,1.34,0.78,0.32
2023-04-06,Thika,7.76,1.65,1.69,0.65
2023-04-07,Ng'ethu,7.39,1.3,1.1,0.47
2023-04-07,Sasumua,7.58,1.51,1.05,1.43
2023-04-07,Ruiru,8.07,2.08,1.37,1.18
2023-04-07,Thika,8.06,1.88,1.02,1.0
2023-04-08,Ng'ethu,7.69,1.0,1.11,1.35
2023-04-08,Sasumua,6.95,0.87,1.15,0.98
2023-04-08,Ruiru,7.09,1.44,1.55,0.83
2023-04-08,Thika,7.78,1.2,0.96,1.22
2023-04-09,Ng'ethu,7.61,0.91,0.96,1.58
2023-04-09,Sasumua,7.22,1.97,1.06,0.8
2023-04-09,Ruiru,7.59,0.45,0.76,0.84
2023-04-09,Thika,7.28,2.0,0.72,1.08
2023-04-10,Ng'ethu,7.09,1.32,0.88,1.75
2023-04-10,Sasumua,7.1,1.44,0.68,1.6
2023-04-10,Ruiru,7.62,1.57,1.64,0.87
2023-04-10,Thika,7.57,1.57,1.37,0.55
2023-04-11,Ng'ethu,7.44,1.91,1.28,0.74
2023-04-11,Sasumua,7.08,2.25,1.0,1.29
2023-04-11,Ruiru,7.55,0.85,1.58,0.93
2023-04-11,Thika,7.9,1.41,1.41,0.0
2023-04-12,Ng'ethu,7.35,0.86,1.09,1.04
2023-04-12,Sasumua,7.32,1.93,0.94,1.24
2023-04-12,Ruiru,7.89,2.01,1.1,0.0
2023-04-12,Thika,7.67,1.44,0.91,0.52
2023-04-13,Ng'ethu,7.93,0.93,1.34,0.91
2023-04-13,Sasumua,7.39,1.82,1.69,0.65
2023-04-13,Ruiru,7.43,1.81,1.48,0.74
2023-04-13,Thika,7.41,0.39,0.97,0.23
2023-04-14,Ng'ethu,7.71,1.38,1.12,0.8
2023-04-14,Sasumua,7.24,2.28,1.59,1.61
2023-04-14,Ruiru,7.71,1.49,1.68,0.46
2023-04-14,Thika,7.24,1.2,1.36,0.42
2023-04-15,Ng'ethu,7.45,0.7,1.34,0.04
2023-04-15,Sasumua,7.22,2.11,1.55,0.99
2023-04-15,Ruiru,7.58,1.23,0.97,0.62
2023-04-15,Thika,7.05,1.63,1.21,0.33
2023-04-16,Ng'ethu,7.97,1.8,1.41,0.56
2023-04-16,Sasumua,7.5,1.81,1.25,1.6
2023-04-16,Ruiru,7.44,1.25,1.39,0.17
2023-04-16,Thika,7.78,0.85,1.39,0.48
2023-04-17,Ng'ethu,7.64,1.95,1.25,0.2
2023-04-17,Sasumua,7.23,1.14,0.63,1.36
2023-04-17,Ruiru,7.53,0.93,1.64,0.45
2023-04-17,Thika,7.58,1.09,0.59,0.12
2023-04-18,Ng'ethu,7.37,1.95,1.3,0.87
2023-04-18,Sasumua,6.9,2.14,1.27,0.74
2023-04-18,Ruiru,7.84,2.12,1.55,0.68
2023-04-18,Thika,7.2,1.99,0.79,1.77
2023-04-19,Ng'ethu,7.51,0.97,0.83,0.16
2023-04-19,Sasumua,7.54,1.5,0.83,0.62
2023-04-19,Ruiru,7.09,1.79,1.18,0.61
2023-04-19,Thika,7.11,1.35,1.08,0.96
2023-04-20,Ng'ethu,7.55,1.9,1.05,0.0
2023-04-20,Sasumua,7.8,1.03,0.87,0.78
2023-04-20,Ruiru,7.59,1.23,1.04,0.6
2023-04-20,Thika,7.92,1.5,0.91,0.32
2023-04-21,Ng'ethu,7.42,1.62,1.35,0.86
2023-04-21,Sasumua,7.25,1.29,1.42,0.23
2023-04-21,Ruiru,7.36,1.8,1.46,0.7
2023-04-21,Thika,7.38,0.84,1.36,1.46
2023-04-22,Ng'ethu,8.27,1.69,1.18,0.34
2023-04-22,Sasumua,6.94,1.59,1.91,1.44
2023-04-22,Ruiru,7.83,1.62,1.31,0.0
2023-04-22,Thika,7.73,1.21,0.99,0.64
2023-04-23,Ng'ethu,7.39,1.14,1.2,0.52
2023-04-23,Sasumua,7.53,0.76,1.14,0.25
2023-04-23,Ruiru,7.31,1.57,0.72,0.39
2023-04-23,Thika,7.67,0.79,1.73,1.4
2023-04-24,Ng'ethu,7.35,1.11,1.26,0.08
2023-04-24,Sasumua,6.9,1.27,1.16,0.85
2023-04-24,Ruiru,7.32,2.14,0.75,0.23
2023-04-24,Thika,7.65,0.92,0.84,0.86
2023-04-25,Ng'ethu,7.18,1.43,0.99,0.37
2023-04-25,Sasumua,6.87,1.57,0.83,0.72
2023-04-25,Ruiru,7.35,1.4,1.16,0.9
2023-04-25,Thika,7.28,2.12,0.65,0.69
2023-04-26,Ng'ethu,7.75,1.74,0.91,0.4
2023-04-26,Sasumua,7.2,1.8,0.98,0.93
2023-04-26,Ruiru,7.58,2.68,1.29,0.39
2023-04-26,Thika,7.06,1.36,1.16,0.0
2023-04-27,Ng'ethu,7.29,1.65,1.04,1.28
2023-04-27,Sasumua,7.03,1.84,1.47,1.28
2023-04-27,Ruiru,7.03,1.66,1.0,0.1
2023-04-27,Thika,7.38,1.05,1.48,1.06
2023-04-28,Ng'ethu,7.15,1.14,1.09,0.76
2023-04-28,Sasumua,7.8,1.85,1.22,0.67
2023-04-28,Ruiru,6.97,2.15,1.07,1.58
2023-04-28,Thika,7.56,2.51,1.38,0.08
2023-04-29,Ng'ethu,7.32,1.42,0.94,0.61
2023-04-29,Sasumua,7.09,1.5,1.27,0.3
2023-04-29,Ruiru,8.08,1.53,0.95,0.0
2023-04-29,Thika,7.52,1.37,1.43,0.73
2023-04-30,Ng'ethu,7.14,2.34,1.33,0.67
2023-04-30,Sasumua,7.55,1.74,0.77,0.88
2023-04-30,Ruiru,7.36,1.75,0.98,0.5
2023-04-30,Thika,8.0,2.12,0.21,1.38
2023-05-01,Ng'ethu,7.48,1.15,0.9,0.33
2023-05-01,Sasumua,7.3,0.94,0.79,0.28
2023-05-01,Ruiru,7.6,1.53,1.37,0.77
2023-05-01,Thika,7.11,1.75,0.9,1.12
2023-05-02,Ng'ethu,7.15,1.16,1.09,1.14
2023-05-02,Sasumua,7.55,1.51,1.77,0.0
2023-05-02,Ruiru,7.19,0.96,0.67,0.44
2023-05-02,Thika,7.71,1.2,1.1,0.0
2023-05-03,Ng'ethu,7.26,1.27,1.39,0.0
2023-05-03,Sasumua,7.36,2.04,1.07,0.0
2023-05-03,Ruiru,7.88,1.87,1.46,0.0
2023-05-03,Thika,7.95,1.11,1.05,0.45
2023-05-04,Ng'ethu,7.78,1.41,1.34,0.84
2023-05-04,Sasumua,7.47,1.03,1.74,0.07
2023-05-04,Ruiru,7.62,1.69,1.55,1.49
2023-05-04,Thika,7.46,1.77,1.73,0.77
2023-05-05,Ng'ethu,7.18,1.31,0.81,0.99
2023-05-05,Sasumua,7.82,1.44,0.71,1.31
2023-05-05,Ruiru,6.97,0.73,1.15,0.93
2023-05-05,Thika,7.63,1.47,1.73,0.83
2023-05-06,Ng'ethu,7.81,1.89,0.81,0.72
2023-05-06,Sasumua,8.14,1.25,1.0,0.89
2023-05-06,Ruiru,7.36,1.1,1.06,1.52
2023-05-06,Thika,7.46,0.84,0.75,1.9
2023-05-07,Ng'ethu,7.43,1.72,0.97,0.96
2023-05-07,Sasumua,7.94,1.17,1.34,0.1
2023-05-07,Ruiru,8.11,1.63,1.08,0.65
2023-05-07,Thika,7.35,1.27,0.47,0.75
2023-05-08,Ng'ethu,7.46,1.74,1.04,0.41
2023-05-08,Sasumua,7.5,0.69,1.24,0.0
2023-05-08,Ruiru,7.84,1.84,0.92,1.13
2023-05-08,Thika,7.53,1.0,0.59,0.96
2023-05-09,Ng'ethu,7.26,2.05,1.2,0.45
2023-05-09,Sasumua,8.04,1.79,0.1,0.56
2023-05-09,Ruiru,7.08,1.1,1.16,0.98
2023-05-09,Thika,7.58,2.04,1.39,1.09
2023-05-10,Ng'ethu,7.56,2.14,1.11,0.65
2023-05-10,Sasumua,6.93,2.03,1.18,2.27
2023-05-10,Ruiru,7.38,1.54,1.36,0.25
2023-05-10,Thika,7.61,1.52,1.11,1.39
2023-05-11,Ng'ethu,7.23,1.64,1.64,0.45
2023-05-11,Sasumua,7.41,2.67,1.34,0.55
2023-05-11,Ruiru,7.74,1.22,0.73,1.49
2023-05-11,Thika,7.17,2.73,1.05,1.87
2023-05-12,Ng'ethu,7.09,2.01,1.35,1.22
2023-05-12,Sasumua,7.79,1.25,0.81,0.77
2023-05-12,Ruiru,7.57,1.26,1.28,0.96
2023-05-12,Thika,7.23,1.7,1.12,0.45
2023-05-13,Ng'ethu,7.74,1.11,1.06,0.84
2023-05-13,Sasumua,7.91,1.6,1.36,0.65
2023-05-13,Ruiru,7.48,1.48,1.29,0.65
2023-05-13,Thika,7.9,1.31,0.69,2.17
2023-05-14,Ng'ethu,7.4,2.16,1.62,1.27
2023-05-14,Sasumua,7.44,1.64,0.82,1.8
2023-05-14,Ruiru,7.24,1.37,1.23,0.75
2023-05-14,Thika,7.3,2.2,1.49,0.96
2023-05-15,Ng'ethu,7.38,2.03,1.06,1.59
2023-05-15,Sasumua,7.53,2.11,1.17,0.84
2023-05-15,Ruiru,7.87,2.6,1.67,1.24
2023-05-15,Thika,7.68,1.25,1.29,0.34
2023-05-16,Ng'ethu,7.61,1.72,0.61,0.82
2023-05-16,Sasumua,7.62,1.46,1.31,0.13
2023-05-16,Ruiru,7.27,2.02,1.2,0.97
2023-05-16,Thika,7.34,1.51,0.51,1.22
2023-05-17,Ng'ethu,8.04,0.97,0.92,1.02
2023-05-17,Sasumua,7.94,1.5,0.83,0.7
2023-05-17,Ruiru,7.19,1.17,1.11,0.34
2023-05-17,Thika,7.27,1.54,1.26,0.09
2023-05-18,Ng'ethu,7.62,1.31,1.42,1.19
2023-05-18,Sasumua,7.34,1.81,0.95,1.46
2023-05-18,Ruiru,7.26,1.68,1.14,0.29
2023-05-18,Thika,7.77,1.19,0.69,0.0
2023-05-19,Ng'ethu,7.24,2.19,1.58,0.44
2023-05-19,Sasumua,7.39,1.27,0.8,0.33
2023-05-19,Ruiru,7.79,1.75,1.28,0.13
2023-05-19,Thika,7.53,0.35,1.45,0.93
2023-05-20,Ng'ethu,7.1,2.31,0.66,1.07
2023-05-20,Sasumua,7.67,0.88,1.19,0.0
2023-05-20,Ruiru,6.65,0.97,1.02,1.12
2023-05-20,Thika,7.52,1.55,0.9,0.53
2023-05-21,Ng'ethu,7.22,0.89,1.02,0.84
2023-05-21,Sasumua,7.33,1.34,1.41,0.55
2023-05-21,Ruiru,7.1,1.78,1.28,0.96
2023-05-21,Thika,7.69,1.73,1.21,2.0
2023-05-22,Ng'ethu,7.11,1.21,1.49,0.87
2023-05-22,Sasumua,7.73,1.58,1.61,0.3
2023-05-22,Ruiru,7.9,2.09,0.84,1.12
2023-05-22,Thika,7.49,1.2,0.63,0.29
2023-05-23,Ng'ethu,7.71,1.91,1.14,1.21
2023-05-23,Sasumua,7.78,1.58,0.98,1.02
2023-05-23,Ruiru,7.65,1.84,1.46,0.12
2023-05-23,Thika,7.35,0.55,1.42,0.69
2023-05-24,Ng'ethu,7.63,0.76,1.62,0.2
2023-05-24,Sasumua,7.73,1.56,1.14,0.66
2023-05-24,Ruiru,7.31,2.15,1.2,0.17
2023-05-24,Thika,7.38,1.56,1.47,0.5
2023-05-25,Ng'ethu,7.34,1.51,1.46,0.12
2023-05-25,Sasumua,7.65,1.27,1.1,1.8
2023-05-25,Ruiru,7.44,1.88,1.42,0.21
2023-05-25,Thika,6.95,1.91,0.87,0.0
2023-05-26,Ng'ethu,7.81,0.99,0.97,1.79
2023-05-26,Sasumua,7.0,0.87,1.06,0.68
2023-05-26,Ruiru,7.23,0.92,1.65,0.93
2023-05-26,Thika,7.68,1.43,1.29,1.27
2023-05-27,Ng'ethu,7.2,1.63,1.41,1.57
2023-05-27,Sasumua,8.08,1.53,1.54,0.0
2023-05-27,Ruiru,7.97,1.14,1.13,1.02
2023-05-27,Thika,7.45,1.6,1.68,0.61
2023-05-28,Ng'ethu,7.17,2.41,1.36,1.76
2023-05-28,Sasumua,7.76,0.84,1.39,0.31
2023-05-28,Ruiru,7.5,1.46,0.71,0.39
2023-05-28,Thika,8.16,1.62,1.15,1.71
2023-05-29,Ng'ethu,7.38,1.45,1.5,0.6
2023-05-29,Sasumua,7.28,0.37,0.92,0.33
2023-05-29,Ruiru,7.55,1.19,1.85,0.27
2023-05-29,Thika,7.92,1.61,1.44,1.17
2023-05-30,Ng'ethu,6.83,1.49,1.12,0.23
2023-05-30,Sasumua,7.64,2.36,0.4,0.53
2023-05-30,Ruiru,7.13,1.54,1.1,0.5
2023-05-30,Thika,7.71,2.32,2.0,0.43
2023-05-31,Ng'ethu,6.95,1.78,1.68,1.21
2023-05-31,Sasumua,7.98,1.39,1.02,0.86
2023-05-31,Ruiru,7.4,1.83,1.49,1.32
2023-05-31,Thika,7.65,1.62,1.44,0.0
2023-06-01,Ng'ethu,7.56,1.53,1.26,0.76
2023-06-01,Sasumua,7.63,1.21,1.54,1.04
2023-06-01,Ruiru,7.55,1.15,1.44,0.9
2023-06-01,Thika,7.27,1.47,1.39,1.08
2023-06-02,Ng'ethu,7.65,1.55,1.51,1.42
2023-06-02,Sasumua,7.72,1.21,0.88,0.53
2023-06-02,Ruiru,8.09,1.64,1.84,0.74
2023-06-02,Thika,7.42,1.46,1.17,0.41
2023-06-03,Ng'ethu,7.16,1.75,1.52,2.02
2023-06-03,Sasumua,7.37,1.32,0.97,1.36
2023-06-03,Ruiru,7.74,1.06,0.93,1.28
2023-06-03,Thika,7.61,1.88,0.94,0.0
2023-06-04,Ng'ethu,7.24,1.84,1.83,0.59
2023-06-04,Sasumua,8.18,1.91,0.78,0.91
2023-06-04,Ruiru,7.76,0.29,1.39,1.39
2023-06-04,Thika,7.62,1.47,1.15,0.68
2023-06-05,Ng'ethu,7.15,1.16,1.08,0.86
2023-06-05,Sasumua,7.33,1.07,1.43,0.99
2023-06-05,Ruiru,7.34,1.75,1.06,0.83
2023-06-05,Thika,7.79,1.2,0.85,0.73
2023-06-06,Ng'ethu,7.09,1.36,1.12,0.0
2023-06-06,Sasumua,7.66,1.41,1.55,0.91
2023-06-06,Ruiru,7.72,2.1,1.16,0.8
2023-06-06,Thika,7.03,2.12,1.16,0.3
2023-06-07,Ng'ethu,7.72,0.41,1.07,1.25
2023-06-07,Sasumua,7.37,1.14,1.08,0.0
2023-06-07,Ruiru,7.71,1.44,1.12,0.67
2023-06-07,Thika,7.5,1.83,1.18,0.12
2023-06-08,Ng'ethu,7.67,1.75,1.26,1.34
2023-06-08,Sasumua,7.51,2.06,1.62,1.09
2023-06-08,Ruiru,7.28,1.43,1.57,0.05
2023-06-08,Thika,7.38,1.33,0.94,1.24
2023-06-09,Ng'ethu,7.61,1.14,1.38,0.72
2023-06-09,Sasumua,7.23,1.14,1.33,1.27
2023-06-09,Ruiru,7.35,1.77,1.67,0.17
2023-06-09,Thika,7.61,1.92,1.17,1.42
2023-06-10,Ng'ethu,8.16,1.67,1.13,1.29
2023-06-10,Sasumua,7.75,0.24,1.2,0.6
2023-06-10,Ruiru,7.62,1.4,1.17,0.37
2023-06-10,Thika,7.72,2.33,0.95,0.1
2023-06-11,Ng'ethu,7.51,1.49,1.55,0.19
2023-06-11,Sasumua,7.34,0.43,1.61,0.93
2023-06-11,Ruiru,7.36,0.84,0.83,1.01
2023-06-11,Thika,7.17,1.55,1.81,0.63
2023-06-12,Ng'ethu,7.21,1.69,0.83,1.66
2023-06-12,Sasumua,7.92,1.42,0.93,0.59
2023-06-12,Ruiru,7.41,1.69,1.51,0.28
2023-06-12,Thika,7.8,1.81,1.05,0.26
2023-06-13,Ng'ethu,7.53,0.97,1.51,0.24
2023-06-13,Sasumua,7.66,1.46,1.03,0.75
2023-06-13,Ruiru,7.82,0.9,1.08,0.42
2023-06-13,Thika,7.49,1.16,0.67,0.27
2023-06-14,Ng'ethu,7.99,1.62,1.26,0.66
2023-06-14,Sasumua,7.48,1.29,1.36,0.85
2023-06-14,Ruiru,7.15,1.63,0.46,1.01
2023-06-14,Thika,7.08,1.45,0.84,0.8
2023-06-15,Ng'ethu,7.67,2.25,0.74,1.29
2023-06-15,Sasumua,7.54,1.27,1.43,0.68
2023-06-15,Ruiru,7.72,1.0,1.01,1.27
2023-06-15,Thika,7.95,1.48,0.36,0.7
2023-06-16,Ng'ethu,7.51,1.38,1.3,0.56
2023-06-16,Sasumua,7.75,0.92,1.57,1.58
2023-06-16,Ruiru,7.23,1.04,1.32,0.21
2023-06-16,Thika,7.35,2.05,1.42,1.79
2023-06-17,Ng'ethu,7.55,1.19,1.22,0.72
2023-06-17,Sasumua,7.46,1.49,0.92,0.94
2023-06-17,Ruiru,7.08,1.14,1.16,0.0
2023-06-17,Thika,7.73,0.47,1.4,0.15
2023-06-18,Ng'ethu,7.38,1.76,1.86,0.86
2023-06-18,Sasumua,6.91,1.98,1.13,0.83
2023-06-18,Ruiru,7.67,0.39,1.2,0.6
2023-06-18,Thika,7.87,1.86,0.71,1.43
2023-06-19,Ng'ethu,7.63,0.73,1.22,1.32
2023-06-19,Sasumua,7.14,2.19,0.75,0.4
2023-06-19,Ruiru,7.22,2.19,1.05,0.22
2023-06-19,Thika,7.63,1.83,1.4,0.66
2023-06-20,Ng'ethu,7.58,1.17,1.7,1.37
2023-06-20,Sasumua,7.82,1.9,1.36,0.18
2023-06-20,Ruiru,7.69,1.56,1.58,1.2
2023-06-20,Thika,7.67,0.66,1.17,0.52
2023-06-21,Ng'ethu,7.58,1.29,1.12,1.03
2023-06-21,Sasumua,7.37,1.56,0.74,0.38
2023-06-21,Ruiru,7.7,0.88,1.57,1.29
2023-06-21,Thika,7.42,3.0,1.57,0.33
2023-06-22,Ng'ethu,7.72,1.53,0.97,0.27
2023-06-22,Sasumua,7.8,1.2,1.17,0.34
2023-06-22,Ruiru,7.28,1.44,1.32,0.0
2023-06-22,Thika,7.51,1.13,1.62,2.27
2023-06-23,Ng'ethu,7.39,0.64,1.24,0.7
2023-06-23,Sasumua,8.09,2.33,1.46,0.51
2023-06-23,Ruiru,7.7,1.63,1.27,0.02
2023-06-23,Thika,7.82,1.55,1.17,0.5
2023-06-24,Ng'ethu,7.26,1.66,0.68,1.19
2023-06-24,Sasumua,7.18,0.47,1.75,0.37
2023-06-24,Ruiru,7.28,2.07,1.76,0.03
2023-06-24,Thika,7.21,1.06,1.48,1.62
2023-06-25,Ng'ethu,7.18,2.21,0.99,0.97
2023-06-25,Sasumua,7.12,1.44,1.17,0.64
2023-06-25,Ruiru,7.62,1.0,0.93,1.02
2023-06-25,Thika,7.9,1.49,1.35,1.18
2023-06-26,Ng'ethu,7.75,1.02,0.97,0.45
2023-06-26,Sasumua,8.08,1.75,1.34,0.98
2023-06-26,Ruiru,7.1,2.47,1.34,1.16
2023-06-26,Thika,6.97,1.89,1.09,0.14
2023-06-27,Ng'ethu,7.21,0.87,0.82,0.83
2023-06-27,Sasumua,7.38,1.67,1.7,0.74
2023-06-27,Ruiru,6.83,1.38,1.56,0.76
2023-06-27,Thika,7.96,1.73,0.65,0.85
2023-06-28,Ng'ethu,7.59,2.04,1.75,1.25
2023-06-28,Sasumua,7.63,1.84,1.15,0.07
2023-06-28,Ruiru,7.51,1.68,0.84,1.46
2023-06-28,Thika,7.8,0.81,1.61,0.65
2023-06-29,Ng'ethu,7.27,2.04,1.18,1.75
2023-06-29,Sasumua,7.24,0.63,1.12,1.19
2023-06-29,Ruiru,7.22,0.83,1.27,0.07
2023-06-29,Thika,7.59,1.33,1.35,0.11
2023-06-30,Ng'ethu,7.89,1.41,1.43,1.28
2023-06-30,Sasumua,7.15,1.94,0.77,0.11
2023-06-30,Ruiru,8.09,2.06,1.82,0.61
2023-06-30,Thika,7.53,1.76,1.2,0.43
2023-07-01,Ng'ethu,7.23,1.61,0.88,0.25
2023-07-01,Sasumua,7.62,1.45,1.48,0.59
2023-07-01,Ruiru,7.33,1.71,0.96,0.47
2023-07-01,Thika,7.31,1.4,1.73,0.11
2023-07-02,Ng'ethu,7.89,1.87,1.67,2.37
2023-07-02,Sasumua,7.93,1.96,0.81,0.21
2023-07-02,Ruiru,7.61,0.65,1.38,0.0
2023-07-02,Thika,7.85,1.34,1.24,0.43
2023-07-03,Ng'ethu,6.93,2.12,1.6,0.62
2023-07-03,Sasumua,7.7,1.3,1.29,1.18
2023-07-03,Ruiru,7.67,2.17,1.36,0.81
2023-07-03,Thika,7.27,1.26,1.44,0.05
2023-07-04,Ng'ethu,7.83,1.36,0.95,0.25
2023-07-04,Sasumua,7.7,1.49,1.68,0.17
2023-07-04,Ruiru,7.33,1.45,0.97,0.8
2023-07-04,Thika,7.6,1.74,1.65,0.15
2023-07-05,Ng'ethu,7.6,1.18,1.33,1.02
2023-07-05,Sasumua,7.2,1.05,1.35,0.81
2023-07-05,Ruiru,7.43,1.83,1.42,0.54
2023-07-05,Thika,7.24,0.87,1.21,0.09
2023-07-06,Ng'ethu,7.53,2.11,1.09,0.53
2023-07-06,Sasumua,8.1,2.25,0.97,0.87
2023-07-06,Ruiru,7.6,1.6,1.74,0.84
2023-07-06,Thika,7.57,1.84,1.56,1.27
2023-07-07,Ng'ethu,7.66,0.72,1.05,1.21
2023-07-07,Sasumua,7.58,1.91,1.77,0.21
2023-07-07,Ruiru,7.84,1.33,1.48,0.78
2023-07-07,Thika,8.14,1.57,1.01,1.01
2023-07-08,Ng'ethu,7.6,2.07,1.33,2.04
2023-07-08,Sasumua,7.47,1.45,1.02,0.84
2023-07-08,Ruiru,7.57,1.64,1.22,0.5
2023-07-08,Thika,7.24,1.31,1.54,1.48
2023-07-09,Ng'ethu,7.48,1.03,1.18,1.85
2023-07-09,Sasumua,7.8,1.78,1.49,1.57
2023-07-09,Ruiru,7.15,1.3,1.04,1.09
2023-07-09,Thika,7.55,1.88,1.05,1.49
2023-07-10,Ng'ethu,7.48,1.85,1.56,1.36
2023-07-10,Sasumua,7.61,1.91,1.72,1.06
2023-07-10,Ruiru,7.28,1.79,1.19,0.0
2023-07-10,Thika,7.64,1.56,1.55,0.42
2023-07-11,Ng'ethu,7.05,1.58,1.31,0.85
2023-07-11,Sasumua,7.51,0.97,1.16,0.63
2023-07-11,Ruiru,7.82,1.69,1.12,1.66
2023-07-11,Thika,7.42,1.78,1.15,1.62
2023-07-12,Ng'ethu,7.53,1.56,1.16,0.9
2023-07-12,Sasumua,7.86,1.92,1.21,1.65
2023-07-12,Ruiru,7.76,1.28,0.79,0.59
2023-07-12,Thika,7.62,1.8,1.61,0.25
2023-07-13,Ng'ethu,7.37,0.91,0.8,0.49
2023-07-13,Sasumua,7.61,1.89,0.92,0.4
2023-07-13,Ruiru,6.97,1.61,0.98,1.63
2023-07-13,Thika,7.62,1.41,1.01,0.05
2023-07-14,Ng'ethu,7.09,1.19,0.99,0.3
2023-07-14,Sasumua,7.61,1.76,1.06,1.77
2023-07-14,Ruiru,6.98,1.53,1.13,0.52
2023-07-14,Thika,7.29,1.5,1.13,0.6
2023-07-15,Ng'ethu,7.11,0.69,1.11,0.6
2023-07-15,Sasumua,7.44,1.45,1.04,0.69
2023-07-15,Ruiru,7.24,2.26,0.96,0.61
2023-07-15,Thika,7.28,1.13,1.21,0.75
2023-07-16,Ng'ethu,7.36,1.36,0.98,1.0
2023-07-16,Sasumua,8.12,1.06,1.32,0.82
2023-07-16,Ruiru,7.7,1.85,1.26,0.78
2023-07-16,Thika,7.37,1.12,1.17,0.16
2023-07-17,Ng'ethu,7.32,2.05,1.23,1.25
2023-07-17,Sasumua,7.94,1.41,1.26,0.65
2023-07-17,Ruiru,7.26,1.02,1.45,0.9
2023-07-17,Thika,8.05,1.99,0.98,1.22
2023-07-18,Ng'ethu,7.41,2.11,1.05,0.27
2023-07-18,Sasumua,7.26,1.13,0.95,0.51
2023-07-18,Ruiru,7.76,2.4,0.8,1.43
2023-07-18,Thika,7.36,1.67,0.7,1.06
2023-07-19,Ng'ethu,6.9,1.66,1.28,0.9
2023-07-19,Sasumua,7.28,1.77,1.32,0.7
2023-07-19,Ruiru,7.7,1.45,1.36,0.74
2023-07-19,Thika,7.57,1.79,1.08,0.18
2023-07-20,Ng'ethu,7.58,2.09,1.29,0.96
2023-07-20,Sasumua,7.49,1.87,1.14,0.57
2023-07-20,Ruiru,7.83,1.23,1.47,1.35
2023-07-20,Thika,7.67,0.88,1.21,0.7
2023-07-21,Ng'ethu,7.35,1.57,1.43,0.57
2023-07-21,Sasumua,7.45,1.38,1.55,0.67
2023-07-21,Ruiru,7.13,0.71,1.31,0.42
2023-07-21,Thika,7.7,0.83,1.04,0.13
2023-07-22,Ng'ethu,7.63,1.82,1.3,0.26
2023-07-22,Sasumua,7.28,1.62,0.69,0.68
2023-07-22,Ruiru,7.96,1.41,0.75,0.5
2023-07-22,Thika,7.31,2.57,1.7,1.17
2023-07-23,Ng'ethu,7.4,2.1,0.86,1.34
2023-07-23,Sasumua,7.78,1.42,1.54,0.58
2023-07-23,Ruiru,7.12,1.99,1.17,1.1
2023-07-23,Thika,8.05,1.14,1.16,1.58
2023-07-24,Ng'ethu,7.7,1.15,0.91,0.54
2023-07-24,Sasumua,7.28,1.62,1.22,0.94
2023-07-24,Ruiru,7.25,1.46,0.58,0.87
2023-07-24,Thika,7.85,0.79,1.35,0.49
2023-07-25,Ng'ethu,7.74,1.58,1.32,0.83
2023-07-25,Sasumua,7.9,1.67,0.99,0.85
2023-07-25,Ruiru,7.39,1.58,1.07,0.46
2023-07-25,Thika,7.56,1.53,1.52,0.59
2023-07-26,Ng'ethu,6.91,1.32,0.71,1.01
2023-07-26,Sasumua,7.0,1.01,1.09,1.57
2023-07-26,Ruiru,7.18,1.51,1.37,1.54
2023-07-26,Thika,7.73,2.05,1.46,0.2
2023-07-27,Ng'ethu,7.61,1.92,0.91,0.51
2023-07-27,Sasumua,7.26,1.89,1.18,0.64
2023-07-27,Ruiru,7.12,1.47,1.03,0.92
2023-07-27,Thika,7.16,1.59,1.07,0.18
2023-07-28,Ng'ethu,7.1,0.91,1.14,0.86
2023-07-28,Sasumua,7.58,1.65,0.97,1.33
2023-07-28,Ruiru,7.37,1.73,1.15,0.99
2023-07-28,Thika,7.44,1.7,1.2,1.21
2023-07-29,Ng'ethu,7.25,0.62,0.91,1.33
2023-07-29,Sasumua,7.45,1.55,0.88,0.83
2023-07-29,Ruiru,7.19,1.06,1.08,1.02
2023-07-29,Thika,7.67,1.79,0.72,0.8
2023-07-30,Ng'ethu,7.44,0.73,1.2,0.67
2023-07-30,Sasumua,7.65,1.54,1.04,1.26
2023-07-30,Ruiru,6.83,1.47,0.67,0.34
2023-07-30,Thika,7.66,0.86,0.77,1.99
2023-07-31,Ng'ethu,7.09,2.33,1.15,0.54
2023-07-31,Sasumua,7.67,2.17,0.86,0.54
2023-07-31,Ruiru,7.75,1.64,1.53,1.06
2023-07-31,Thika,8.04,1.59,1.27,0.96
2023-08-01,Ng'ethu,7.46,1.92,1.27,1.19
2023-08-01,Sasumua,7.78,1.71,1.35,0.29
2023-08-01,Ruiru,7.33,1.92,1.63,0.0
2023-08-01,Thika,7.33,1.51,0.94,0.39
2023-08-02,Ng'ethu,7.64,2.29,0.59,0.71
2023-08-02,Sasumua,7.64,1.89,1.3,1.68
2023-08-02,Ruiru,7.51,2.16,1.01,0.83
2023-08-02,Thika,7.14,1.95,1.16,0.98
2023-08-03,Ng'ethu,7.41,1.79,1.32,0.3
2023-08-03,Sasumua,7.22,1.49,1.4,1.73
2023-08-03,Ruiru,7.59,2.0,0.72,1.81
2023-08-03,Thika,7.68,1.48,1.15,0.25
2023-08-04,Ng'ethu,7.25,2.46,0.9,0.3
2023-08-04,Sasumua,7.29,0.9,1.2,1.34
2023-08-04,Ruiru,7.32,0.81,1.29,0.77
2023-08-04,Thika,7.8,1.27,1.12,0.73
2023-08-05,Ng'ethu,7.53,1.3,1.03,0.0
2023-08-05,Sasumua,7.33,1.86,1.46,0.56
2023-08-05,Ruiru,7.89,1.49,0.8,0.0
2023-08-05,Thika,7.87,1.31,0.84,0.0
2023-08-06,Ng'ethu,7.38,1.7,0.99,0.27
2023-08-06,Sasumua,7.34,2.12,0.78,0.48
2023-08-06,Ruiru,7.86,1.75,1.25,0.48
2023-08-06,Thika,7.51,1.23,0.94,0.26
2023-08-07,Ng'ethu,7.74,1.47,1.29,0.88
2023-08-07,Sasumua,7.63,1.37,1.06,0.39
2023-08-07,Ruiru,7.08,0.94,1.09,0.0
2023-08-07,Thika,7.09,2.02,1.27,0.57
2023-08-08,Ng'ethu,8.18,0.68,1.49,0.74
2023-08-08,Sasumua,7.74,1.55,0.64,0.85
2023-08-08,Ruiru,7.6,0.4,1.78,0.96
2023-08-08,Thika,7.7,0.92,1.41,1.34
2023-08-09,Ng'ethu,7.58,1.5,0.93,0.69
2023-08-09,Sasumua,7.35,1.79,0.95,1.08
2023-08-09,Ruiru,7.25,1.37,1.38,0.45
2023-08-09,Thika,7.7,1.78,1.12,1.38
2023-08-10,Ng'ethu,7.52,2.05,1.74,0.68
2023-08-10,Sasumua,7.69,1.18,0.89,0.7
2023-08-10,Ruiru,7.09,1.03,1.38,0.54
2023-08-10,Thika,7.71,1.65,1.76,1.06
2023-08-11,Ng'ethu,7.83,1.7,1.29,1.38
2023-08-11,Sasumua,7.7,1.61,1.26,1.07
2023-08-11,Ruiru,7.3,1.14,1.63,1.73
2023-08-11,Thika,7.22,1.17,1.54,1.07
2023-08-12,Ng'ethu,7.7,1.95,1.13,0.96
2023-08-12,Sasumua,7.58,1.07,1.29,1.42
2023-08-12,Ruiru,7.4,1.58,1.26,0.66
2023-08-12,Thika,7.7,1.16,1.6,1.11
2023-08-13,Ng'ethu,7.22,2.35,1.25,0.44
2023-08-13,Sasumua,7.83,1.75,0.67,0.54
2023-08-13,Ruiru,7.58,0.42,1.23,0.88
2023-08-13,Thika,7.14,1.64,1.2,0.2
2023-08-14,Ng'ethu,7.78,1.92,1.11,0.7
2023-08-14,Sasumua,7.72,1.4,0.62,1.04
2023-08-14,Ruiru,7.26,1.31,1.64,0.73
2023-08-14,Thika,7.5,1.75,1.35,0.34
2023-08-15,Ng'ethu,7.48,1.52,1.28,0.94
2023-08-15,Sasumua,8.28,0.91,1.49,1.39
2023-08-15,Ruiru,7.65,1.17,1.7,0.0
2023-08-15,Thika,7.3,2.09,1.09,1.6
2023-08-16,Ng'ethu,7.05,0.94,1.04,1.01
2023-08-16,Sasumua,7.43,1.25,1.63,1.56
2023-08-16,Ruiru,7.38,0.65,0.55,0.92
2023-08-16,Thika,7.7,1.53,1.18,0.4
2023-08-17,Ng'ethu,7.7,2.34,0.53,0.76
2023-08-17,Sasumua,7.21,0.75,0.86,0.99
2023-08-17,Ruiru,7.62,2.23,1.2,0.0
2023-08-17,Thika,7.43,0.81,0.84,1.09
2023-08-18,Ng'ethu,7.56,1.79,1.09,1.2
2023-08-18,Sasumua,7.38,2.06,1.3,0.7
2023-08-18,Ruiru,7.56,1.49,1.68,0.92
2023-08-18,Thika,7.5,1.38,1.45,1.15
2023-08-19,Ng'ethu,7.42,0.92,0.93,0.71
2023-08-19,Sasumua,7.9,1.37,1.02,0.0
2023-08-19,Ruiru,7.95,1.78,1.44,1.28
2023-08-19,Thika,7.45,1.54,1.65,0.89
2023-08-20,Ng'ethu,7.68,1.94,1.39,0.74
2023-08-20,Sasumua,7.49,1.89,1.43,1.38
2023-08-20,Ruiru,7.67,1.8,1.07,0.51
2023-08-20,Thika,7.73,1.21,1.19,1.49
2023-08-21,Ng'ethu,7.87,1.65,1.11,0.74
2023-08-21,Sasumua,7.76,1.48,1.03,1.41
2023-08-21,Ruiru,7.55,1.21,1.34,1.29
2023-08-21,Thika,7.2,1.4,1.13,1.03
2023-08-22,Ng'ethu,7.69,1.22,0.75,1.32
2023-08-22,Sasumua,7.16,1.64,1.16,0.88
2023-08-22,Ruiru,8.0,3.02,0.71,1.29
2023-08-22,Thika,7.45,2.02,1.49,1.5
2023-08-23,Ng'ethu,7.59,1.06,1.48,0.86
2023-08-23,Sasumua,7.43,1.26,1.5,1.6
2023-08-23,Ruiru,7.14,1.81,1.09,0.07
2023-08-23,Thika,7.54,1.08,0.73,0.41
2023-08-24,Ng'ethu,7.19,1.18,0.8,0.6
2023-08-24,Sasumua,7.29,1.69,1.38,0.93
2023-08-24,Ruiru,7.43,1.37,0.95,0.39
2023-08-24,Thika,7.71,0.62,1.18,0.64
2023-08-25,Ng'ethu,7.68,0.79,1.2,0.97
2023-08-25,Sasumua,6.93,0.96,1.17,1.06
2023-08-25,Ruiru,7.55,1.78,0.88,0.01
2023-08-25,Thika,7.53,0.89,0.94,1.27
2023-08-26,Ng'ethu,7.56,1.22,0.99,1.11
2023-08-26,Sasumua,7.56,0.89,0.62,1.74
2023-08-26,Ruiru,7.13,1.76,1.65,0.87
2023-08-26,Thika,7.32,0.79,0.77,0.99
2023-08-27,Ng'ethu,7.94,1.3,1.03,1.15
2023-08-27,Sasumua,7.29,1.64,1.21,0.6
2023-08-27,Ruiru,7.5,2.38,1.38,1.35
2023-08-27,Thika,7.22,2.05,1.39,0.05
2023-08-28,Ng'ethu,7.66,1.24,0.74,0.86
2023-08-28,Sasumua,7.66,1.58,1.17,0.63
2023-08-28,Ruiru,8.24,0.91,1.46,0.81
2023-08-28,Thika,7.24,1.48,0.78,0.5
2023-08-29,Ng'ethu,7.49,0.72,1.35,0.32
2023-08-29,Sasumua,7.06,0.96,1.85,0.0
2023-08-29,Ruiru,7.63,1.12,1.09,1.1
2023-08-29,Thika,7.67,1.16,0.79,1.11
2023-08-30,Ng'ethu,7.67,1.36,1.33,0.58
2023-08-30,Sasumua,7.25,1.5,1.36,0.95
2023-08-30,Ruiru,7.65,1.12,1.67,0.63
2023-08-30,Thika,7.46,0.84,1.14,1.07
2023-08-31,Ng'ethu,7.73,2.28,1.36,0.94
2023-08-31,Sasumua,7.37,1.17,1.49,1.28
2023-08-31,Ruiru,7.18,1.86,1.4,0.24
2023-08-31,Thika,7.66,0.98,0.47,0.72
2023-09-01,Ng'ethu,7.58,1.44,2.06,0.99
2023-09-01,Sasumua,7.54,1.71,1.07,1.26
2023-09-01,Ruiru,7.61,1.66,1.01,0.02
2023-09-01,Thika,7.35,1.64,1.07,0.95
2023-09-02,Ng'ethu,7.43,1.72,0.91,0.9
2023-09-02,Sasumua,7.31,0.73,1.15,1.57
2023-09-02,Ruiru,7.06,1.56,1.44,1.95
2023-09-02,Thika,7.35,1.18,0.85,1.37
2023-09-03,Ng'ethu,7.24,1.31,0.65,1.24
2023-09-03,Sasumua,7.85,1.92,0.72,1.1
2023-09-03,Ruiru,7.0,1.53,1.26,0.96
2023-09-03,Thika,7.66,1.5,0.61,1.07
2023-09-04,Ng'ethu,7.53,1.05,0.73,1.57
2023-09-04,Sasumua,7.87,1.85,1.0,0.0
2023-09-04,Ruiru,7.73,1.68,1.09,1.36
2023-09-04,Thika,7.75,1.59,1.21,0.83
2023-09-05,Ng'ethu,7.7,1.07,1.33,0.34
2023-09-05,Sasumua,7.9,1.77,0.99,0.84
2023-09-05,Ruiru,7.24,2.25,1.69,1.15
2023-09-05,Thika,7.97,1.58,1.43,1.41
2023-09-06,Ng'ethu,7.5,1.54,1.48,1.12
2023-09-06,Sasumua,7.27,0.41,1.15,0.0
2023-09-06,Ruiru,7.2,1.06,1.03,1.21
2023-09-06,Thika,7.81,1.75,1.39,1.13
2023-09-07,Ng'ethu,6.75,1.51,0.66,1.05
2023-09-07,Sasumua,6.87,1.41,1.36,0.24
2023-09-07,Ruiru,7.79,1.75,1.31,1.15
2023-09-07,Thika,7.39,1.58,1.2,0.79
2023-09-08,Ng'ethu,7.3,0.88,1.1,0.6
2023-09-08,Sasumua,7.28,1.93,0.85,0.71
2023-09-08,Ruiru,7.85,1.95,1.56,0.5
2023-09-08,Thika,7.74,0.97,1.12,0.71
2023-09-09,Ng'ethu,7.33,1.32,1.05,0.31
2023-09-09,Sasumua,7.76,1.41,1.26,0.88
2023-09-09,Ruiru,7.52,1.55,1.11,1.51
2023-09-09,Thika,7.73,1.51,1.07,0.74
2023-09-10,Ng'ethu,7.63,2.25,0.79,1.13
2023-09-10,Sasumua,7.84,0.76,1.15,0.27
2023-09-10,Ruiru,7.63,1.32,1.16,0.59
2023-09-10,Thika,7.72,1.61,1.27,0.88
2023-09-11,Ng'ethu,7.67,1.37,1.71,0.18
2023-09-11,Sasumua,6.98,0.6,0.58,1.14
2023-09-11,Ruiru,7.67,2.1,0.88,1.17
2023-09-11,Thika,7.52,1.58,1.39,0.42
2023-09-12,Ng'ethu,8.28,2.17,1.04,0.25
2023-09-12,Sasumua,7.47,1.59,1.52,0.22
2023-09-12,Ruiru,7.59,0.74,1.33,0.75
2023-09-12,Thika,8.08,0.73,1.61,0.0
2023-09-13,Ng'ethu,7.1,0.66,1.28,0.21
2023-09-13,Sasumua,7.1,1.6,1.34,0.82
2023-09-13,Ruiru,7.45,2.41,1.24,1.2
2023-09-13,Thika,7.54,0.95,1.36,0.47
2023-09-14,Ng'ethu,7.47,1.65,0.62,0.0
2023-09-14,Sasumua,7.77,1.17,1.02,0.88
2023-09-14,Ruiru,7.38,1.71,1.18,0.9
2023-09-14,Thika,7.29,1.6,1.53,0.52
2023-09-15,Ng'ethu,7.77,1.47,1.42,0.86
2023-09-15,Sasumua,7.49,1.67,1.56,0.92
2023-09-15,Ruiru,7.64,1.32,1.67,1.12
2023-09-15,Thika,7.52,1.44,1.49,0.5
2023-09-16,Ng'ethu,6.97,1.54,1.56,1.6
2023-09-16,Sasumua,7.47,1.52,1.36,0.67
2023-09-16,Ruiru,7.65,1.46,1.5,1.16
2023-09-16,Thika,7.74,1.4,1.78,1.04
2023-09-17,Ng'ethu,7.57,1.12,1.17,0.86
2023-09-17,Sasumua,7.26,1.35,1.15,0.83
2023-09-17,Ruiru,6.97,1.43,1.09,0.79
2023-09-17,Thika,7.81,2.53,1.4,0.18
2023-09-18,Ng'ethu,7.4,1.8,1.34,1.29
2023-09-18,Sasumua,7.47,1.32,1.73,0.83
2023-09-18,Ruiru,7.19,2.24,0.75,0.0
2023-09-18,Thika,7.73,1.96,1.32,0.15
2023-09-19,Ng'ethu,7.48,1.36,1.04,1.51
2023-09-19,Sasumua,7.19,1.66,1.56,0.99
2023-09-19,Ruiru,7.87,1.78,1.33,0.98
2023-09-19,Thika,7.68,1.31,0.81,1.28
2023-09-20,Ng'ethu,7.85,1.63,1.04,0.02
2023-09-20,Sasumua,7.53,0.83,0.75,0.79
2023-09-20,Ruiru,7.27,1.67,1.15,0.5
2023-09-20,Thika,6.99,1.07,0.96,0.19
2023-09-21,Ng'ethu,7.4,0.93,1.15,0.92
2023-09-21,Sasumua,7.25,1.71,0.79,0.24
2023-09-21,Ruiru,7.47,1.84,1.46,1.61
2023-09-21,Thika,7.39,1.44,0.89,0.17
2023-09-22,Ng'ethu,7.57,1.11,1.57,0.07
2023-09-22,Sasumua,7.65,1.0,0.95,1.07
2023-09-22,Ruiru,7.3,1.24,0.96,1.69
2023-09-22,Thika,7.31,1.53,1.14,0.91
2023-09-23,Ng'ethu,7.32,1.4,1.32,0.37
2023-09-23,Sasumua,7.83,2.09,1.38,0.83
2023-09-23,Ruiru,6.6,1.71,1.08,0.68
2023-09-23,Thika,6.93,1.75,0.77,0.86
2023-09-24,Ng'ethu,7.77,1.27,1.56,0.43
2023-09-24,Sasumua,7.68,0.85,1.51,1.24
2023-09-24,Ruiru,7.64,1.3,0.78,0.6
2023-09-24,Thika,7.83,1.56,0.73,0.24
2023-09-25,Ng'ethu,7.88,1.74,0.83,0.0
2023-09-25,Sasumua,7.31,0.57,1.15,2.03
2023-09-25,Ruiru,7.02,1.41,1.59,1.17
2023-09-25,Thika,7.46,1.43,0.85,0.67
2023-09-26,Ng'ethu,7.57,2.05,1.01,0.71
2023-09-26,Sasumua,7.22,1.61,1.44,1.11
2023-09-26,Ruiru,7.15,1.57,1.0,1.31
2023-09-26,Thika,7.45,0.74,1.13,1.03
2023-09-27,Ng'ethu,7.57,1.24,1.02,0.31
2023-09-27,Sasumua,7.38,1.07,1.49,0.35
2023-09-27,Ruiru,7.54,1.53,1.48,1.34
2023-09-27,Thika,7.71,1.68,0.89,0.27
2023-09-28,Ng'ethu,7.25,1.88,1.22,1.23
2023-09-28,Sasumua,7.8,1.14,1.21,0.79
2023-09-28,Ruiru,7.4,1.23,1.56,0.83
2023-09-28,Thika,7.5,1.1,1.4,0.3
2023-09-29,Ng'ethu,7.64,1.74,1.08,0.96
2023-09-29,Sasumua,7.56,1.48,1.2,0.83
2023-09-29,Ruiru,7.54,1.53,0.87,0.72
2023-09-29,Thika,7.58,1.55,1.49,1.11
2023-09-30,Ng'ethu,7.24,1.42,1.11,0.8
2023-09-30,Sasumua,7.5,1.81,1.25,1.42
2023-09-30,Ruiru,7.57,1.08,1.06,1.1
2023-09-30,Thika,7.02,0.83,1.2,1.28
2023-10-01,Ng'ethu,7.89,1.39,1.52,0.84
2023-10-01,Sasumua,7.04,1.5,1.01,1.26
2023-10-01,Ruiru,7.49,0.86,0.75,0.79
2023-10-01,Thika,6.77,1.24,1.27,0.27
2023-10-02,Ng'ethu,7.8,2.1,0.89,0.65
2023-10-02,Sasumua,7.8,1.5,0.78,0.73
2023-10-02,Ruiru,7.24,2.05,1.38,0.64
2023-10-02,Thika,7.54,0.85,0.97,1.58
2023-10-03,Ng'ethu,7.52,1.97,1.27,1.46
2023-10-03,Sasumua,6.9,1.41,1.69,1.28
2023-10-03,Ruiru,7.9,1.5,1.04,0.29
2023-10-03,Thika,7.17,1.9,1.35,0.77
2023-10-04,Ng'ethu,7.65,1.57,1.49,1.28
2023-10-04,Sasumua,7.18,1.64,0.7,0.87
2023-10-04,Ruiru,7.68,0.84,1.08,0.8
2023-10-04,Thika,7.57,1.36,0.85,0.77
2023-10-05,Ng'ethu,7.0,1.38,1.07,0.73
2023-10-05,Sasumua,7.33,0.75,1.09,1.27
2023-10-05,Ruiru,7.88,2.72,1.71,0.2
2023-10-05,Thika,7.38,1.49,1.17,0.83
2023-10-06,Ng'ethu,8.22,0.96,0.99,1.62
2023-10-06,Sasumua,7.32,1.7,1.51,1.04
2023-10-06,Ruiru,7.56,1.97,0.93,0.55
2023-10-06,Thika,7.66,0.47,1.62,0.95
2023-10-07,Ng'ethu,7.55,0.68,0.81,0.6
2023-10-07,Sasumua,7.74,0.46,1.44,0.62
2023-10-07,Ruiru,7.43,1.63,1.28,0.44
2023-10-07,Thika,7.69,0.34,1.06,0.88
2023-10-08,Ng'ethu,7.4,0.59,1.43,0.18
2023-10-08,Sasumua,7.48,1.58,1.21,1.38
2023-10-08,Ruiru,7.48,1.71,1.18,1.11
2023-10-08,Thika,7.92,1.57,1.43,1.53
2023-10-09,Ng'ethu,7.91,1.31,1.51,0.92
2023-10-09,Sasumua,7.84,1.78,1.28,1.02
2023-10-09,Ruiru,7.58,1.65,1.15,0.67
2023-10-09,Thika,8.03,1.74,1.03,0.66
2023-10-10,Ng'ethu,7.82,1.13,0.76,0.1
2023-10-10,Sasumua,6.98,0.85,0.85,1.49
2023-10-10,Ruiru,7.49,1.32,0.77,0.73
2023-10-10,Thika,6.98,1.32,1.82,1.13
2023-10-11,Ng'ethu,7.44,1.85,1.04,0.4
2023-10-11,Sasumua,8.01,0.93,1.09,0.95
2023-10-11,Ruiru,7.22,1.83,1.11,1.13
2023-10-11,Thika,7.68,1.38,1.71,0.47
2023-10-12,Ng'ethu,7.9,2.09,1.73,0.89
2023-10-12,Sasumua,7.26,2.54,1.1,0.39
2023-10-12,Ruiru,7.44,1.01,1.36,0.5
2023-10-12,Thika,7.41,1.98,1.39,0.81
2023-10-13,Ng'ethu,7.55,1.51,1.07,0.8
2023-10-13,Sasumua,7.65,1.44,1.33,0.38
2023-10-13,Ruiru,7.32,1.13,1.03,1.44
2023-10-13,Thika,7.72,0.96,1.33,0.6
2023-10-14,Ng'ethu,7.3,0.76,1.49,0.12
2023-10-14,Sasumua,7.48,1.03,1.43,0.63
2023-10-14,Ruiru,7.46,1.45,1.29,0.81
2023-10-14,Thika,7.49,1.24,0.73,0.24
2023-10-15,Ng'ethu,7.72,1.35,1.0,0.1
2023-10-15,Sasumua,6.98,1.15,1.47,0.52
2023-10-15,Ruiru,7.62,1.2,1.39,0.62
2023-10-15,Thika,7.13,1.37,1.75,1.69
2023-10-16,Ng'ethu,7.65,1.43,1.29,0.96
2023-10-16,Sasumua,7.49,1.72,1.26,0.64
2023-10-16,Ruiru,7.14,1.27,1.44,0.78
2023-10-16,Thika,7.59,1.36,0.88,0.68
2023-10-17,Ng'ethu,7.19,0.96,1.56,0.59
2023-10-17,Sasumua,7.28,2.31,1.44,0.61
2023-10-17,Ruiru,7.63,1.38,0.99,1.04
2023-10-17,Thika,7.4,1.54,1.51,1.26
2023-10-18,Ng'ethu,7.33,1.74,0.86,1.03
2023-10-18,Sasumua,7.54,1.69,1.11,1.84
2023-10-18,Ruiru,7.23,1.99,0.89,1.05
2023-10-18,Thika,7.67,1.53,1.05,0.87
2023-10-19,Ng'ethu,7.58,2.39,0.94,0.52
2023-10-19,Sasumua,7.59,1.37,1.17,1.34
2023-10-19,Ruiru,6.65,1.2,0.68,0.2
2023-10-19,Thika,8.22,1.8,1.49,0.76
2023-10-20,Ng'ethu,7.73,0.62,1.51,0.39
2023-10-20,Sasumua,7.34,1.75,1.29,0.84
2023-10-20,Ruiru,7.09,1.55,1.49,0.53
2023-10-20,Thika,7.89,1.06,1.2,1.57
2023-10-21,Ng'ethu,7.3,2.03,1.79,0.89
2023-10-21,Sasumua,7.34,1.11,1.59,1.44
2023-10-21,Ruiru,7.93,1.48,1.51,0.78
2023-10-21,Thika,7.24,2.06,1.69,0.29
2023-10-22,Ng'ethu,7.19,1.52,1.49,0.23
2023-10-22,Sasumua,7.57,1.2,1.41,0.4
2023-10-22,Ruiru,7.73,1.42,0.92,0.83
2023-10-22,Thika,6.92,1.22,1.3,0.0
2023-10-23,Ng'ethu,6.73,0.33,1.6,0.76
2023-10-23,Sasumua,7.34,1.97,1.08,0.93
2023-10-23,Ruiru,7.51,1.26,1.29,1.19
2023-10-23,Thika,7.44,1.27,1.1,0.0
2023-10-24,Ng'ethu,7.58,0.9,1.39,0.75
2023-10-24,Sasumua,7.53,1.85,0.92,0.98
2023-10-24,Ruiru,7.58,1.41,0.92,1.1
2023-10-24,Thika,7.71,1.56,0.88,0.54
2023-10-25,Ng'ethu,7.48,1.84,0.72,0.52
2023-10-25,Sasumua,7.38,1.46,0.81,0.69
2023-10-25,Ruiru,7.41,0.98,1.16,0.53
2023-10-25,Thika,7.65,1.06,1.23,0.4
2023-10-26,Ng'ethu,7.32,1.65,1.27,0.59
2023-10-26,Sasumua,7.42,0.77,1.62,1.14
2023-10-26,Ruiru,7.7,0.7,1.02,0.63
2023-10-26,Thika,6.92,1.94,1.64,1.83
2023-10-27,Ng'ethu,7.19,1.56,1.6,0.67
2023-10-27,Sasumua,7.33,0.57,1.54,0.79
2023-10-27,Ruiru,7.28,1.64,1.25,0.88
2023-10-27,Thika,7.43,2.31,1.16,1.61
2023-10-28,Ng'ethu,7.67,1.68,1.17,1.29
2023-10-28,Sasumua,7.53,1.03,0.91,1.01
2023-10-28,Ruiru,7.23,1.47,1.52,0.95
2023-10-28,Thika,7.28,2.2,1.36,1.31
2023-10-29,Ng'ethu,6.82,1.67,1.45,1.65
2023-10-29,Sasumua,7.06,2.1,1.69,0.0
2023-10-29,Ruiru,7.64,1.81,1.1,0.55
2023-10-29,Thika,7.7,1.19,1.13,1.21
2023-10-30,Ng'ethu,8.03,1.77,1.24,0.54
2023-10-30,Sasumua,7.2,2.05,1.15,1.38
2023-10-30,Ruiru,7.4,1.18,1.33,0.76
2023-10-30,Thika,7.14,2.41,1.01,1.26
2023-10-31,Ng'ethu,7.75,0.87,0.9,0.65
2023-10-31,Sasumua,7.24,2.36,1.14,1.24
2023-10-31,Ruiru,7.65,1.63,1.21,1.42
2023-10-31,Thika,7.25,2.36,0.81,1.19
2023-11-01,Ng'ethu,7.08,1.34,1.23,0.56
2023-11-01,Sasumua,7.45,0.81,0.9,1.05
2023-11-01,Ruiru,7.51,1.15,1.6,0.19
2023-11-01,Thika,7.39,1.25,1.38,0.82
2023-11-02,Ng'ethu,7.47,0.58,1.46,0.69
2023-11-02,Sasumua,7.53,1.13,0.93,1.55
2023-11-02,Ruiru,6.97,0.97,1.64,1.12
2023-11-02,Thika,7.4,2.12,1.33,0.92
2023-11-03,Ng'ethu,7.57,1.73,1.35,1.9
2023-11-03,Sasumua,7.44,1.42,0.83,0.77
2023-11-03,Ruiru,8.06,1.99,1.04,0.82
2023-11-03,Thika,7.11,1.02,1.24,0.55
2023-11-04,Ng'ethu,7.19,1.74,1.18,0.02
2023-11-04,Sasumua,6.88,1.21,0.72,0.0
2023-11-04,Ruiru,7.84,1.45,1.12,0.71
2023-11-04,Thika,7.16,1.71,1.16,0.42
2023-11-05,Ng'ethu,7.32,0.89,1.08,0.68
2023-11-05,Sasumua,7.37,1.53,1.18,0.92
2023-11-05,Ruiru,7.78,1.8,1.49,0.38
2023-11-05,Thika,7.35,1.83,1.4,0.46
2023-11-06,Ng'ethu,7.68,1.03,1.34,0.79
2023-11-06,Sasumua,7.08,1.28,1.85,0.9
2023-11-06,Ruiru,8.19,0.78,1.43,0.0
2023-11-06,Thika,7.5,1.82,1.45,0.4
2023-11-07,Ng'ethu,7.81,1.23,1.15,0.58
2023-11-07,Sasumua,7.16,2.28,1.21,1.34
2023-11-07,Ruiru,7.81,1.02,1.56,1.05
2023-11-07,Thika,7.19,1.72,0.89,1.6
2023-11-08,Ng'ethu,7.74,1.46,1.58,0.01
2023-11-08,Sasumua,7.28,1.37,1.87,0.26
2023-11-08,Ruiru,6.99,0.78,1.47,0.5
2023-11-08,Thika,7.45,1.88,1.15,0.9
2023-11-09,Ng'ethu,7.66,1.28,1.15,0.92
2023-11-09,Sasumua,7.76,1.1,0.29,1.14
2023-11-09,Ruiru,7.78,1.6,1.28,0.52
2023-11-09,Thika,7.65,1.93,1.22,2.05
2023-11-10,Ng'ethu,7.03,1.58,0.85,1.24
2023-11-10,Sasumua,7.03,0.83,1.01,0.93
2023-11-10,Ruiru,7.32,1.21,1.15,0.68
2023-11-10,Thika,7.95,1.84,1.1,1.85
2023-11-11,Ng'ethu,7.65,1.02,1.28,1.07
2023-11-11,Sasumua,7.29,0.97,1.23,0.62
2023-11-11,Ruiru,7.94,1.87,1.01,1.01
2023-11-11,Thika,7.88,0.8,0.89,0.79
2023-11-12,Ng'ethu,7.51,1.47,1.11,0.64
2023-11-12,Sasumua,7.62,2.07,1.06,2.02
2023-11-12,Ruiru,8.09,2.16,1.39,1.8
2023-11-12,Thika,7.41,1.08,1.04,0.3
2023-11-13,Ng'ethu,7.54,1.65,1.26,0.79
2023-11-13,Sasumua,7.54,2.37,1.39,1.26
2023-11-13,Ruiru,7.56,0.69,0.66,1.84
2023-11-13,Thika,7.34,1.19,1.27,1.08
2023-11-14,Ng'ethu,7.7,2.39,1.65,0.39
2023-11-14,Sasumua,7.79,1.31,1.16,0.25
2023-11-14,Ruiru,6.99,1.48,0.91,1.26
2023-11-14,Thika,7.42,1.65,1.61,0.06
2023-11-15,Ng'ethu,7.28,1.59,1.29,1.35
2023-11-15,Sasumua,7.76,1.55,1.29,0.97
2023-11-15,Ruiru,7.06,1.42,1.27,1.03
2023-11-15,Thika,7.22,0.87,1.13,1.78
2023-11-16,Ng'ethu,7.25,2.09,1.68,0.82
2023-11-16,Sasumua,7.3,1.76,1.26,0.37
2023-11-16,Ruiru,7.3,1.73,1.48,0.64
2023-11-16,Thika,7.48,1.83,1.15,0.65
2023-11-17,Ng'ethu,7.27,1.11,2.0,0.7
2023-11-17,Sasumua,7.91,2.34,1.14,0.98
2023-11-17,Ruiru,7.53,0.69,0.73,0.82
2023-11-17,Thika,7.37,2.45,1.13,1.78
2023-11-18,Ng'ethu,7.36,2.46,1.35,1.08
2023-11-18,Sasumua,7.35,1.79,1.71,0.73
2023-11-18,Ruiru,7.4,1.38,1.69,1.23
2023-11-18,Thika,7.93,1.66,1.21,1.01
2023-11-19,Ng'ethu,7.82,1.38,1.61,0.98
2023-11-19,Sasumua,6.78,1.94,0.82,1.23
2023-11-19,Ruiru,7.77,1.66,1.36,1.35
2023-11-19,Thika,7.35,1.9,1.55,1.68
2023-11-20,Ng'ethu,7.17,1.7,0.91,0.3
2023-11-20,Sasumua,7.61,1.54,1.54,0.63
2023-11-20,Ruiru,7.46,1.61,0.94,0.44
2023-11-20,Thika,7.83,1.23,1.55,1.1
2023-11-21,Ng'ethu,7.04,1.77,1.36,1.01
2023-11-21,Sasumua,7.46,1.03,1.6,0.75
2023-11-21,Ruiru,7.23,1.73,0.98,0.33
2023-11-21,Thika,7.39,1.17,0.93,1.2
2023-11-22,Ng'ethu,7.47,2.13,0.94,0.0
2023-11-22,Sasumua,7.54,2.43,1.36,2.41
2023-11-22,Ruiru,7.6,1.62,0.55,1.01
2023-11-22,Thika,7.55,1.3,1.16,0.77
2023-11-23,Ng'ethu,7.45,2.54,1.09,0.88
2023-11-23,Sasumua,7.38,1.89,1.25,0.66
2023-11-23,Ruiru,6.92,1.62,1.11,0.77
2023-11-23,Thika,7.15,2.22,1.46,1.52
2023-11-24,Ng'ethu,7.84,1.8,0.86,1.72
2023-11-24,Sasumua,7.22,1.37,1.41,1.18
2023-11-24,Ruiru,7.67,1.3,1.02,2.07
2023-11-24,Thika,7.49,1.42,0.99,0.92
2023-11-25,Ng'ethu,7.56,1.49,1.31,1.68
2023-11-25,Sasumua,7.32,1.52,1.01,0.95
2023-11-25,Ruiru,7.33,1.24,0.76,0.85
2023-11-25,Thika,7.63,2.43,1.34,0.58
2023-11-26,Ng'ethu,7.09,0.89,0.81,1.74
2023-11-26,Sasumua,7.59,1.21,0.91,0.37
2023-11-26,Ruiru,7.32,2.16,1.19,0.08
2023-11-26,Thika,8.19,0.93,1.02,1.46
2023-11-27,Ng'ethu,7.62,1.27,0.83,0.32
2023-11-27,Sasumua,7.23,1.5,1.26,0.73
2023-11-27,Ruiru,7.49,0.97,1.29,1.44
2023-11-27,Thika,7.45,1.41,1.22,1.36
2023-11-28,Ng'ethu,7.23,2.23,1.33,0.81
2023-11-28,Sasumua,7.86,0.91,1.36,1.02
2023-11-28,Ruiru,7.22,1.73,1.28,0.71
2023-11-28,Thika,7.76,1.21,1.28,0.73
2023-11-29,Ng'ethu,7.32,1.75,1.14,0.06
2023-11-29,Sasumua,6.96,1.89,0.83,0.94
2023-11-29,Ruiru,7.52,1.32,1.79,0.89
2023-11-29,Thika,7.73,1.64,1.13,0.79
2023-11-30,Ng'ethu,7.94,2.04,1.79,0.91
2023-11-30,Sasumua,7.24,1.28,0.84,1.18
2023-11-30,Ruiru,7.32,0.0,1.94,0.51
2023-11-30,Thika,7.33,2.34,0.84,1.37
2023-12-01,Ng'ethu,7.32,0.84,1.71,1.26
2023-12-01,Sasumua,7.78,1.68,1.38,0.18
2023-12-01,Ruiru,7.53,1.04,0.78,1.01
2023-12-01,Thika,7.85,1.31,1.14,0.23
2023-12-02,Ng'ethu,7.5,1.88,1.44,1.07
2023-12-02,Sasumua,7.31,1.17,1.44,1.21
2023-12-02,Ruiru,7.45,1.29,1.55,0.62
2023-12-02,Thika,7.72,1.43,0.89,1.61
2023-12-03,Ng'ethu,7.54,1.14,0.78,0.15
2023-12-03,Sasumua,7.39,2.46,1.02,1.52
2023-12-03,Ruiru,7.46,0.91,1.06,0.16
2023-12-03,Thika,7.24,1.06,0.63,1.56
2023-12-04,Ng'ethu,7.56,1.16,1.27,0.38
2023-12-04,Sasumua,6.7,2.98,1.26,0.51
2023-12-04,Ruiru,6.92,0.75,1.7,1.55
2023-12-04,Thika,7.73,0.94,1.65,1.02
2023-12-05,Ng'ethu,7.7,1.72,0.75,0.2
2023-12-05,Sasumua,7.35,1.82,0.79,0.71
2023-12-05,Ruiru,7.45,1.9,1.4,0.29
2023-12-05,Thika,7.93,0.92,1.53,0.52
2023-12-06,Ng'ethu,7.55,1.61,1.26,1.14
2023-12-06,Sasumua,7.62,1.89,1.34,0.17
2023-12-06,Ruiru,7.58,1.22,0.87,0.66
2023-12-06,Thika,7.55,1.62,1.52,1.45
2023-12-07,Ng'ethu,7.6,1.76,1.23,1.18
2023-12-07,Sasumua,7.65,1.47,1.85,0.53
2023-12-07,Ruiru,7.94,0.82,1.44,1.52
2023-12-07,Thika,6.93,1.57,1.41,0.93
2023-12-08,Ng'ethu,7.61,1.57,0.87,1.98
2023-12-08,Sasumua,7.35,1.72,1.01,0.0
2023-12-08,Ruiru,7.22,0.78,1.53,0.5
2023-12-08,Thika,7.35,0.97,1.23,0.44
2023-12-09,Ng'ethu,7.8,1.65,1.03,1.23
2023-12-09,Sasumua,7.5,1.51,0.76,0.76
2023-12-09,Ruiru,7.6,2.17,0.97,1.94
2023-12-09,Thika,7.67,0.74,0.95,1.51
2023-12-10,Ng'ethu,7.87,1.51,1.24,0.22
2023-12-10,Sasumua,7.9,1.01,1.45,1.48
2023-12-10,Ruiru,7.51,1.98,1.75,0.93
2023-12-10,Thika,7.45,1.47,0.98,0.42
2023-12-11,Ng'ethu,7.63,1.42,1.3,0.06
2023-12-11,Sasumua,7.47,2.02,0.86,0.81
2023-12-11,Ruiru,6.94,0.85,1.44,0.65
2023-12-11,Thika,8.05,1.72,1.36,0.26
2023-12-12,Ng'ethu,7.38,1.13,0.88,1.13
2023-12-12,Sasumua,7.76,1.7,0.95,0.97
2023-12-12,Ruiru,6.93,2.16,0.81,0.24
2023-12-12,Thika,7.53,1.6,1.18,0.24
2023-12-13,Ng'ethu,7.84,0.66,0.76,0.75
2023-12-13,Sasumua,7.12,2.11,0.85,1.58
2023-12-13,Ruiru,7.81,2.12,1.77,0.84
2023-12-13,Thika,7.2,1.45,1.03,0.45
2023-12-14,Ng'ethu,7.55,1.34,0.97,0.68
2023-12-14,Sasumua,7.66,1.98,0.72,0.65
2023-12-14,Ruiru,7.46,0.91,1.16,0.87
2023-12-14,Thika,7.66,1.54,0.94,1.81
2023-12-15,Ng'ethu,7.75,1.78,1.5,0.92
2023-12-15,Sasumua,7.89,1.53,1.2,1.12
2023-12-15,Ruiru,7.97,2.26,1.38,1.06
2023-12-15,Thika,7.71,1.99,1.59,0.68
2023-12-16,Ng'ethu,7.9,1.67,1.4,1.49
2023-12-16,Sasumua,7.72,1.96,1.08,1.55
2023-12-16,Ruiru,7.71,1.56,1.53,2.09
2023-12-16,Thika,7.15,1.1,2.01,1.01
2023-12-17,Ng'ethu,7.56,1.44,1.56,2.11
2023-12-17,Sasumua,7.3,1.45,1.09,1.17
2023-12-17,Ruiru,7.87,2.31,1.43,2.06
2023-12-17,Thika,7.33,1.08,1.64,0.86
2023-12-18,Ng'ethu,7.09,1.34,1.28,0.48
2023-12-18,Sasumua,7.2,1.4,0.88,1.12
2023-12-18,Ruiru,6.92,1.55,1.36,0.75
2023-12-18,Thika,7.83,0.81,0.99,0.63
2023-12-19,Ng'ethu,7.71,1.61,1.84,0.4
2023-12-19,Sasumua,7.08,2.39,0.77,1.14
2023-12-19,Ruiru,7.21,0.47,1.09,1.25
2023-12-19,Thika,7.13,1.79,1.43,0.16
2023-12-20,Ng'ethu,7.43,2.29,1.4,0.67
2023-12-20,Sasumua,7.62,1.16,1.53,1.36
2023-12-20,Ruiru,7.54,1.62,0.9,0.12
2023-12-20,Thika,7.39,1.46,1.52,1.26
2023-12-21,Ng'ethu,7.56,2.1,0.92,1.34
2023-12-21,Sasumua,7.26,2.12,1.2,0.0
2023-12-21,Ruiru,7.72,1.9,1.06,0.61
2023-12-21,Thika,7.45,0.54,0.49,1.45
2023-12-22,Ng'ethu,7.25,2.43,1.61,1.58
2023-12-22,Sasumua,7.3,0.7,0.87,0.58
2023-12-22,Ruiru,6.79,1.26,1.14,0.15
2023-12-22,Thika,7.19,1.39,1.31,0.35
2023-12-23,Ng'ethu,7.59,1.57,1.21,0.47
2023-12-23,Sasumua,7.1,2.35,1.39,1.3
2023-12-23,Ruiru,7.47,1.42,1.35,0.0
2023-12-23,Thika,7.17,1.1,1.06,0.36
2023-12-24,Ng'ethu,7.6,1.54,1.62,2.04
2023-12-24,Sasumua,7.12,1.57,1.24,0.79
2023-12-24,Ruiru,7.17,1.04,1.27,0.33
2023-12-24,Thika,7.55,1.38,1.24,0.32
2023-12-25,Ng'ethu,7.55,1.06,1.25,1.47
2023-12-25,Sasumua,7.58,1.66,1.45,0.1
2023-12-25,Ruiru,8.02,0.97,1.46,1.17
2023-12-25,Thika,7.23,2.0,1.35,1.74
2023-12-26,Ng'ethu,7.56,1.45,1.05,0.0
2023-12-26,Sasumua,7.4,1.36,1.28,0.09
2023-12-26,Ruiru,7.43,1.79,1.4,0.0
2023-12-26,Thika,7.71,1.38,1.14,0.0
2023-12-27,Ng'ethu,7.95,1.59,0.74,0.99
2023-12-27,Sasumua,7.6,2.11,1.11,0.81
2023-12-27,Ruiru,7.31,1.8,0.96,0.35
2023-12-27,Thika,7.48,0.89,1.68,1.76
2023-12-28,Ng'ethu,7.36,0.81,1.3,0.56
2023-12-28,Sasumua,7.85,1.11,1.36,0.86
2023-12-28,Ruiru,7.3,1.62,1.46,0.84
2023-12-28,Thika,7.53,1.06,1.54,1.32
2023-12-29,Ng'ethu,7.38,1.44,1.62,0.23
2023-12-29,Sasumua,7.68,1.22,1.73,0.83
2023-12-29,Ruiru,7.88,1.12,0.83,0.68
2023-12-29,Thika,7.58,1.24,1.43,0.7
2023-12-30,Ng'ethu,6.88,1.78,0.94,0.62
2023-12-30,Sasumua,7.97,2.39,1.03,1.09
2023-12-30,Ruiru,7.33,1.36,1.02,0.0
2023-12-30,Thika,7.53,1.64,1.0,1.34
2023-12-31,Ng'ethu,7.37,1.18,1.36,0.03
2023-12-31,Sasumua,7.77,1.3,1.5,1.44
2023-12-31,Ruiru,7.69,1.09,0.82,0.08
2023-12-31,Thika,7.83,1.43,1.02,0.73
