Date,Area,Consumption_M3,Population_Served
2023-01-01,Westlands,2909.32,42000
2023-01-01,Eastleigh,3183.27,85000
2023-01-01,Karen,2136.87,28000
2023-01-01,Kilimani,2814.26,38000
2023-01-01,Kibera,3966.78,180000
2023-01-01,South B,2260.93,45000
2023-01-01,Kahawa,2123.13,32000
2023-01-01,Parklands,2762.97,40000
2023-01-02,Westlands,2724.73,42000
2023-01-02,Eastleigh,3331.29,85000
2023-01-02,Karen,1920.45,28000
2023-01-02,Kilimani,2423.42,38000
2023-01-02,Kibera,4076.26,180000
2023-01-02,South B,1930.54,45000
2023-01-02,Kahawa,1465.03,32000
2023-01-02,Parklands,2504.67,40000
2023-01-03,Westlands,2624.25,42000
2023-01-03,Eastleigh,3296.53,85000
2023-01-03,Karen,1837.17,28000
2023-01-03,Kilimani,2240.43,38000
2023-01-03,Kibera,4337.45,180000
2023-01-03,South B,2278.12,45000
2023-01-03,Kahawa,1832.23,32000
2023-01-03,Parklands,2338.95,40000
2023-01-04,Westlands,2728.15,42000
2023-01-04,Eastleigh,3266.52,85000
2023-01-04,Karen,1794.15,28000
2023-01-04,Kilimani,2610.57,38000
2023-01-04,Kibera,3933.26,180000
2023-01-04,South B,2272.51,45000
2023-01-04,Kahawa,1702.77,32000
2023-01-04,Parklands,3011.33,40000
2023-01-05,Westlands,2845.39,42000
2023-01-05,Eastleigh,3039.84,85000
2023-01-05,Karen,2201.72,28000
2023-01-05,Kilimani,2294.62,38000
2023-01-05,Kibera,4111.26,180000
2023-01-05,South B,1940.87,45000
2023-01-05,Kahawa,1560.74,32000
2023-01-05,Parklands,2684.75,40000
2023-01-06,Westlands,3008.48,42000
2023-01-06,Eastleigh,3300.97,85000
2023-01-06,Karen,2017.63,28000
2023-01-06,Kilimani,2490.09,38000
2023-01-06,Kibera,3780.68,180000
2023-01-06,South B,2200.49,45000
2023-01-06,Kahawa,1743.09,32000
2023-01-06,Parklands,2869.4,40000
2023-01-07,Westlands,2937.69,42000
2023-01-07,Eastleigh,2915.85,85000
2023-01-07,Karen,2114.46,28000
2023-01-07,Kilimani,2481.24,38000
2023-01-07,Kibera,3957.53,180000
2023-01-07,South B,2480.57,45000
2023-01-07,Kahawa,2054.43,32000
2023-01-07,Parklands,2853.24,40000
2023-01-08,Westlands,2704.42,42000
2023-01-08,Eastleigh,3224.32,85000
2023-01-08,Karen,2122.98,28000
2023-01-08,Kilimani,2769.11,38000
2023-01-08,Kibera,4011.36,180000
2023-01-08,South B,2325.0,45000
2023-01-08,Kahawa,1622.08,32000
2023-01-08,Parklands,2425.58,40000
2023-01-09,Westlands,3053.93,42000
2023-01-09,Eastleigh,3578.38,85000
2023-01-09,Karen,2046.88,28000
2023-01-09,Kilimani,2784.06,38000
2023-01-09,Kibera,4198.01,180000
2023-01-09,South B,2237.98,45000
2023-01-09,Kahawa,1930.06,32000
2023-01-09,Parklands,2997.34,40000
2023-01-10,Westlands,2888.51,42000
2023-01-10,Eastleigh,3633.28,85000
2023-01-10,Karen,1526.62,28000
2023-01-10,Kilimani,2755.66,38000
2023-01-10,Kibera,4155.04,180000
2023-01-10,South B,2316.94,45000
2023-01-10,Kahawa,1880.65,32000
2023-01-10,Parklands,2277.94,40000
2023-01-11,Westlands,2859.82,42000
2023-01-11,Eastleigh,3394.58,85000
2023-01-11,Karen,2382.0,28000
2023-01-11,Kilimani,2486.56,38000
2023-01-11,Kibera,3982.8,180000
2023-01-11,South B,2282.46,45000
2023-01-11,Kahawa,2057.73,32000
2023-01-11,Parklands,2766.1,40000
2023-01-12,Westlands,2804.56,42000
2023-01-12,Eastleigh,3438.13,85000
2023-01-12,Karen,2102.25,28000
2023-01-12,Kilimani,2804.23,38000
2023-01-12,Kibera,4017.91,180000
2023-01-12,South B,2326.13,45000
2023-01-12,Kahawa,1792.2,32000
2023-01-12,Parklands,2401.94,40000
2023-01-13,Westlands,2986.13,42000
2023-01-13,Eastleigh,3396.56,85000
2023-01-13,Karen,2089.84,28000
2023-01-13,Kilimani,2561.96,38000
2023-01-13,Kibera,3881.9,180000
2023-01-13,South B,2314.22,45000
2023-01-13,Kahawa,1808.31,32000
2023-01-13,Parklands,2547.82,40000
2023-01-14,Westlands,2899.86,42000
2023-01-14,Eastleigh,3437.42,85000
2023-01-14,Karen,2490.71,28000
2023-01-14,Kilimani,2655.92,38000
2023-01-14,Kibera,4244.91,180000
2023-01-14,South B,2394.19,45000
2023-01-14,Kahawa,1483.85,32000
2023-01-14,Parklands,2718.55,40000
2023-01-15,Westlands,2955.66,42000
2023-01-15,Eastleigh,3881.23,85000
2023-01-15,Karen,2061.7,28000
2023-01-15,Kilimani,2691.07,38000
2023-01-15,Kibera,4196.99,180000
2023-01-15,South B,2171.79,45000
2023-01-15,Kahawa,2132.16,32000
2023-01-15,Parklands,2890.85,40000
2023-01-16,Westlands,3119.11,42000
2023-01-16,Eastleigh,3182.28,85000
2023-01-16,Karen,2404.6,28000
2023-01-16,Kilimani,2340.36,38000
2023-01-16,Kibera,4341.32,180000
2023-01-16,South B,2887.02,45000
2023-01-16,Kahawa,1689.02,32000
2023-01-16,Parklands,2622.0,40000
2023-01-17,Westlands,2982.63,42000
2023-01-17,Eastleigh,3278.12,85000
2023-01-17,Karen,1787.37,28000
2023-01-17,Kilimani,2658.74,38000
2023-01-17,Kibera,4006.07,180000
2023-01-17,South B,2532.89,45000
2023-01-17,Kahawa,1709.36,32000
2023-01-17,Parklands,3077.88,40000
2023-01-18,Westlands,2804.55,42000
2023-01-18,Eastleigh,3326.81,85000
2023-01-18,Karen,2294.59,28000
2023-01-18,Kilimani,2391.28,38000
2023-01-18,Kibera,4292.2,180000
2023-01-18,South B,2717.64,45000
2023-01-18,Kahawa,1568.67,32000
2023-01-18,Parklands,2797.74,40000
2023-01-19,Westlands,3035.23,42000
2023-01-19,Eastleigh,3572.02,85000
2023-01-19,Karen,1865.22,28000
2023-01-19,Kilimani,2379.57,38000
2023-01-19,Kibera,4368.11,180000
2023-01-19,South B,2511.0,45000
2023-01-19,Kahawa,1968.97,32000
2023-01-19,Parklands,2840.8,40000
2023-01-20,Westlands,2843.83,42000
2023-01-20,Eastleigh,3465.6,85000
2023-01-20,Karen,2197.58,28000
2023-01-20,Kilimani,2516.25,38000
2023-01-20,Kibera,4668.36,180000
2023-01-20,South B,2556.42,45000
2023-01-20,Kahawa,1667.16,32000
2023-01-20,Parklands,2915.69,40000
2023-01-21,Westlands,2789.33,42000
2023-01-21,Eastleigh,3594.9,85000
2023-01-21,Karen,2389.58,28000
2023-01-21,Kilimani,2501.09,38000
2023-01-21,Kibera,4489.25,180000
2023-01-21,South B,2551.09,45000
2023-01-21,Kahawa,2103.37,32000
2023-01-21,Parklands,3190.1,40000
2023-01-22,Westlands,2954.34,42000
2023-01-22,Eastleigh,3274.73,85000
2023-01-22,Karen,1956.83,28000
2023-01-22,Kilimani,2509.64,38000
2023-01-22,Kibera,4279.22,180000
2023-01-22,South B,2543.35,45000
2023-01-22,Kahawa,1992.53,32000
2023-01-22,Parklands,2969.93,40000
2023-01-23,Westlands,3018.77,42000
2023-01-23,Eastleigh,3759.95,85000
2023-01-23,Karen,2097.25,28000
2023-01-23,Kilimani,3278.83,38000
2023-01-23,Kibera,4443.32,180000
2023-01-23,South B,2292.75,45000
2023-01-23,Kahawa,1708.14,32000
2023-01-23,Parklands,2904.48,40000
2023-01-24,Westlands,2976.55,42000
2023-01-24,Eastleigh,3611.22,85000
2023-01-24,Karen,2262.84,28000
2023-01-24,Kilimani,2685.01,38000
2023-01-24,Kibera,4138.23,180000
2023-01-24,South B,2157.39,45000
2023-01-24,Kahawa,1848.06,32000
2023-01-24,Parklands,2993.81,40000
2023-01-25,Westlands,3080.02,42000
2023-01-25,Eastleigh,3197.07,85000
2023-01-25,Karen,2204.4,28000
2023-01-25,Kilimani,2792.09,38000
2023-01-25,Kibera,4142.23,180000
2023-01-25,South B,2525.22,45000
2023-01-25,Kahawa,1962.8,32000
2023-01-25,Parklands,2569.27,40000
2023-01-26,Westlands,3120.11,42000
2023-01-26,Eastleigh,3598.84,85000
2023-01-26,Karen,2408.47,28000
2023-01-26,Kilimani,2945.39,38000
2023-01-26,Kibera,4046.84,180000
2023-01-26,South B,2295.28,45000
2023-01-26,Kahawa,2067.72,32000
2023-01-26,Parklands,2936.69,40000
2023-01-27,Westlands,3163.25,42000
2023-01-27,Eastleigh,4326.49,85000
2023-01-27,Karen,2303.71,28000
2023-01-27,Kilimani,2971.59,38000
2023-01-27,Kibera,4566.49,180000
2023-01-27,South B,2648.14,45000
2023-01-27,Kahawa,1892.66,32000
2023-01-27,Parklands,2998.48,40000
2023-01-28,Westlands,2890.69,42000
2023-01-28,Eastleigh,3444.92,85000
2023-01-28,Karen,2079.35,28000
2023-01-28,Kilimani,2749.67,38000
2023-01-28,Kibera,4876.69,180000
2023-01-28,South B,2105.16,45000
2023-01-28,Kahawa,2116.85,32000
2023-01-28,Parklands,2488.6,40000
2023-01-29,Westlands,2964.67,42000
2023-01-29,Eastleigh,3745.03,85000
2023-01-29,Karen,2205.58,28000
2023-01-29,Kilimani,2503.18,38000
2023-01-29,Kibera,4226.23,180000
2023-01-29,South B,2669.15,45000
2023-01-29,Kahawa,1812.28,32000
2023-01-29,Parklands,2896.38,40000
2023-01-30,Westlands,3086.53,42000
2023-01-30,Eastleigh,3372.83,85000
2023-01-30,Karen,2668.64,28000
2023-01-30,Kilimani,2886.19,38000
2023-01-30,Kibera,3949.99,180000
2023-01-30,South B,2568.11,45000
2023-01-30,Kahawa,1832.33,32000
2023-01-30,Parklands,3044.09,40000
2023-01-31,Westlands,2910.23,42000
2023-01-31,Eastleigh,3500.27,85000
2023-01-31,Karen,2314.74,28000
2023-01-31,Kilimani,2945.1,38000
2023-01-31,Kibera,4142.46,180000
2023-01-31,South B,2460.28,45000
2023-01-31,Kahawa,1878.47,32000
2023-01-31,Parklands,2720.55,40000
2023-02-01,Westlands,3483.17,42000
2023-02-01,Eastleigh,3624.46,85000
2023-02-01,Karen,1930.79,28000
2023-02-01,Kilimani,2964.5,38000
2023-02-01,Kibera,4887.59,180000
2023-02-01,South B,2768.88,45000
2023-02-01,Kahawa,1652.75,32000
2023-02-01,Parklands,2765.19,40000
2023-02-02,Westlands,3381.93,42000
2023-02-02,Eastleigh,3387.56,85000
2023-02-02,Karen,2313.52,28000
2023-02-02,Kilimani,2940.6,38000
2023-02-02,Kibera,4225.07,180000
2023-02-02,South B,2534.3,45000
2023-02-02,Kahawa,1275.68,32000
2023-02-02,Parklands,2652.84,40000
2023-02-03,Westlands,3053.27,42000
2023-02-03,Eastleigh,3276.43,85000
2023-02-03,Karen,2583.53,28000
2023-02-03,Kilimani,2458.59,38000
2023-02-03,Kibera,4344.22,180000
2023-02-03,South B,2583.16,45000
2023-02-03,Kahawa,2318.98,32000
2023-02-03,Parklands,2568.37,40000
2023-02-04,Westlands,3376.35,42000
2023-02-04,Eastleigh,3564.97,85000
2023-02-04,Karen,2008.13,28000
2023-02-04,Kilimani,2886.25,38000
2023-02-04,Kibera,4497.69,180000
2023-02-04,South B,2427.03,45000
2023-02-04,Kahawa,2019.56,32000
2023-02-04,Parklands,2808.89,40000
2023-02-05,Westlands,3150.59,42000
2023-02-05,Eastleigh,3719.52,85000
2023-02-05,Karen,2586.37,28000
2023-02-05,Kilimani,2514.08,38000
2023-02-05,Kibera,4940.8,180000
2023-02-05,South B,2131.4,45000
2023-02-05,Kahawa,1975.2,32000
2023-02-05,Parklands,3033.35,40000
2023-02-06,Westlands,3195.93,42000
2023-02-06,Eastleigh,3441.27,85000
2023-02-06,Karen,2191.32,28000
2023-02-06,Kilimani,2687.04,38000
2023-02-06,Kibera,4343.89,180000
2023-02-06,South B,2763.71,45000
2023-02-06,Kahawa,2094.0,32000
2023-02-06,Parklands,2754.19,40000
2023-02-07,Westlands,3342.56,42000
2023-02-07,Eastleigh,3658.36,85000
2023-02-07,Karen,2425.75,28000
2023-02-07,Kilimani,2945.49,38000
2023-02-07,Kibera,4300.81,180000
2023-02-07,South B,2454.23,45000
2023-02-07,Kahawa,2186.7,32000
2023-02-07,Parklands,3053.34,40000
2023-02-08,Westlands,3143.65,42000
2023-02-08,Eastleigh,3624.49,85000
2023-02-08,Karen,2536.14,28000
2023-02-08,Kilimani,2677.99,38000
2023-02-08,Kibera,4620.67,180000
2023-02-08,South B,2540.67,45000
2023-02-08,Kahawa,1974.98,32000
2023-02-08,Parklands,3170.56,40000
2023-02-09,Westlands,3341.91,42000
2023-02-09,Eastleigh,3790.06,85000
2023-02-09,Karen,2548.45,28000
2023-02-09,Kilimani,2822.45,38000
2023-02-09,Kibera,4662.07,180000
2023-02-09,South B,2522.36,45000
2023-02-09,Kahawa,2101.83,32000
2023-02-09,Parklands,2901.09,40000
2023-02-10,Westlands,3185.15,42000
2023-02-10,Eastleigh,3749.6,85000
2023-02-10,Karen,2074.58,28000
2023-02-10,Kilimani,3297.08,38000
2023-02-10,Kibera,4291.6,180000
2023-02-10,South B,2324.03,45000
2023-02-10,Kahawa,2295.18,32000
2023-02-10,Parklands,3116.16,40000
2023-02-11,Westlands,3311.86,42000
2023-02-11,Eastleigh,3765.74,85000
2023-02-11,Karen,2261.88,28000
2023-02-11,Kilimani,2627.62,38000
2023-02-11,Kibera,4546.47,180000
2023-02-11,South B,2451.0,45000
2023-02-11,Kahawa,2259.02,32000
2023-02-11,Parklands,2910.75,40000
2023-02-12,Westlands,2990.32,42000
2023-02-12,Eastleigh,3558.7,85000
2023-02-12,Karen,2363.5,28000
2023-02-12,Kilimani,2709.27,38000
2023-02-12,Kibera,4352.93,180000
2023-02-12,South B,2665.56,45000
2023-02-12,Kahawa,2098.4,32000
2023-02-12,Parklands,2835.65,40000
2023-02-13,Westlands,3077.6,42000
2023-02-13,Eastleigh,3692.5,85000
2023-02-13,Karen,1945.41,28000
2023-02-13,Kilimani,2523.35,38000
2023-02-13,Kibera,4386.21,180000
2023-02-13,South B,2567.49,45000
2023-02-13,Kahawa,2118.06,32000
2023-02-13,Parklands,3292.88,40000
2023-02-14,Westlands,3387.22,42000
2023-02-14,Eastleigh,3611.19,85000
2023-02-14,Karen,2275.45,28000
2023-02-14,Kilimani,2621.17,38000
2023-02-14,Kibera,4555.35,180000
2023-02-14,South B,2555.94,45000
2023-02-14,Kahawa,2125.38,32000
2023-02-14,Parklands,2775.13,40000
2023-02-15,Westlands,3317.18,42000
2023-02-15,Eastleigh,4005.64,85000
2023-02-15,Karen,2259.81,28000
2023-02-15,Kilimani,2947.61,38000
2023-02-15,Kibera,4727.0,180000
2023-02-15,South B,2535.7,45000
2023-02-15,Kahawa,2107.39,32000
2023-02-15,Parklands,2972.94,40000
2023-02-16,Westlands,3227.6,42000
2023-02-16,Eastleigh,3486.15,85000
2023-02-16,Karen,2295.07,28000
2023-02-16,Kilimani,2975.84,38000
2023-02-16,Kibera,4911.15,180000
2023-02-16,South B,2852.5,45000
2023-02-16,Kahawa,2553.47,32000
2023-02-16,Parklands,2800.61,40000
2023-02-17,Westlands,3411.96,42000
2023-02-17,Eastleigh,3712.73,85000
2023-02-17,Karen,2796.54,28000
2023-02-17,Kilimani,2682.27,38000
2023-02-17,Kibera,4395.69,180000
2023-02-17,South B,2500.78,45000
2023-02-17,Kahawa,1577.49,32000
2023-02-17,Parklands,2861.8,40000
2023-02-18,Westlands,3043.8,42000
2023-02-18,Eastleigh,3712.63,85000
2023-02-18,Karen,2377.35,28000
2023-02-18,Kilimani,3304.78,38000
2023-02-18,Kibera,4816.06,180000
2023-02-18,South B,2510.99,45000
2023-02-18,Kahawa,1862.38,32000
2023-02-18,Parklands,3101.51,40000
2023-02-19,Westlands,2920.56,42000
2023-02-19,Eastleigh,4107.16,85000
2023-02-19,Karen,2574.99,28000
2023-02-19,Kilimani,2771.09,38000
2023-02-19,Kibera,4212.05,180000
2023-02-19,South B,2960.66,45000
2023-02-19,Kahawa,2046.61,32000
2023-02-19,Parklands,3279.43,40000
2023-02-20,Westlands,2862.92,42000
2023-02-20,Eastleigh,3554.1,85000
2023-02-20,Karen,2308.98,28000
2023-02-20,Kilimani,2895.55,38000
2023-02-20,Kibera,4511.67,180000
2023-02-20,South B,2797.67,45000
2023-02-20,Kahawa,1830.61,32000
2023-02-20,Parklands,2967.24,40000
2023-02-21,Westlands,3264.78,42000
2023-02-21,Eastleigh,3818.33,85000
2023-02-21,Karen,2476.65,28000
2023-02-21,Kilimani,2630.12,38000
2023-02-21,Kibera,4269.53,180000
2023-02-21,South B,2954.35,45000
2023-02-21,Kahawa,2157.74,32000
2023-02-21,Parklands,2832.69,40000
2023-02-22,Westlands,3602.24,42000
2023-02-22,Eastleigh,3733.0,85000
2023-02-22,Karen,2589.55,28000
2023-02-22,Kilimani,2911.11,38000
2023-02-22,Kibera,5110.1,180000
2023-02-22,South B,3070.44,45000
2023-02-22,Kahawa,2027.07,32000
2023-02-22,Parklands,3236.34,40000
2023-02-23,Westlands,3398.52,42000
2023-02-23,Eastleigh,4030.47,85000
2023-02-23,Karen,2096.63,28000
2023-02-23,Kilimani,3059.88,38000
2023-02-23,Kibera,4886.7,180000
2023-02-23,South B,2260.5,45000
2023-02-23,Kahawa,1813.91,32000
2023-02-23,Parklands,2543.49,40000
2023-02-24,Westlands,3191.84,42000
2023-02-24,Eastleigh,3886.19,85000
2023-02-24,Karen,2673.86,28000
2023-02-24,Kilimani,2922.99,38000
2023-02-24,Kibera,5027.82,180000
2023-02-24,South B,2352.49,45000
2023-02-24,Kahawa,1696.18,32000
2023-02-24,Parklands,3009.09,40000
2023-02-25,Westlands,3349.46,42000
2023-02-25,Eastleigh,3718.13,85000
2023-02-25,Karen,1847.17,28000
2023-02-25,Kilimani,2889.99,38000
2023-02-25,Kibera,4353.42,180000
2023-02-25,South B,2833.82,45000
2023-02-25,Kahawa,2181.1,32000
2023-02-25,Parklands,2808.31,40000
2023-02-26,Westlands,3145.6,42000
2023-02-26,Eastleigh,3484.89,85000
2023-02-26,Karen,2317.85,28000
2023-02-26,Kilimani,3138.37,38000
2023-02-26,Kibera,4435.02,180000
2023-02-26,South B,2799.91,45000
2023-02-26,Kahawa,1975.54,32000
2023-02-26,Parklands,2847.27,40000
2023-02-27,Westlands,3245.74,42000
2023-02-27,Eastleigh,3496.14,85000
2023-02-27,Karen,2206.9,28000
2023-02-27,Kilimani,2640.46,38000
2023-02-27,Kibera,5131.5,180000
2023-02-27,South B,2694.92,45000
2023-02-27,Kahawa,1939.15,32000
2023-02-27,Parklands,3087.11,40000
2023-02-28,Westlands,3249.61,42000
2023-02-28,Eastleigh,3692.18,85000
2023-02-28,Karen,2483.64,28000
2023-02-28,Kilimani,3102.16,38000
2023-02-28,Kibera,4555.72,180000
2023-02-28,South B,2556.18,45000
2023-02-28,Kahawa,2041.57,32000
2023-02-28,Parklands,2503.27,40000
2023-03-01,Westlands,2925.82,42000
2023-03-01,Eastleigh,4069.94,85000
2023-03-01,Karen,2729.0,28000
2023-03-01,Kilimani,2871.02,38000
2023-03-01,Kibera,4822.13,180000
2023-03-01,South B,2767.97,45000
2023-03-01,Kahawa,2830.69,32000
2023-03-01,Parklands,3308.93,40000
2023-03-02,Westlands,3255.75,42000
2023-03-02,Eastleigh,3530.91,85000
2023-03-02,Karen,1969.95,28000
2023-03-02,Kilimani,2981.48,38000
2023-03-02,Kibera,4516.45,180000
2023-03-02,South B,2365.23,45000
2023-03-02,Kahawa,1960.53,32000
2023-03-02,Parklands,2797.24,40000
2023-03-03,Westlands,3687.04,42000
2023-03-03,Eastleigh,3967.79,85000
2023-03-03,Karen,2348.48,28000
2023-03-03,Kilimani,3285.79,38000
2023-03-03,Kibera,4718.9,180000
2023-03-03,South B,2500.48,45000
2023-03-03,Kahawa,2473.31,32000
2023-03-03,Parklands,3182.13,40000
2023-03-04,Westlands,3050.95,42000
2023-03-04,Eastleigh,3721.0,85000
2023-03-04,Karen,2147.54,28000
2023-03-04,Kilimani,2616.57,38000
2023-03-04,Kibera,4925.24,180000
2023-03-04,South B,3156.08,45000
2023-03-04,Kahawa,1789.09,32000
2023-03-04,Parklands,3192.22,40000
2023-03-05,Westlands,3146.17,42000
2023-03-05,Eastleigh,3656.06,85000
2023-03-05,Karen,2217.18,28000
2023-03-05,Kilimani,2742.37,38000
2023-03-05,Kibera,4725.02,180000
2023-03-05,South B,2514.47,45000
2023-03-05,Kahawa,2184.85,32000
2023-03-05,Parklands,3051.99,40000
2023-03-06,Westlands,3247.41,42000
2023-03-06,Eastleigh,3561.59,85000
2023-03-06,Karen,2223.74,28000
2023-03-06,Kilimani,3128.08,38000
2023-03-06,Kibera,4837.91,180000
2023-03-06,South B,2483.14,45000
2023-03-06,Kahawa,2147.31,32000
2023-03-06,Parklands,3245.12,40000
2023-03-07,Westlands,2913.48,42000
2023-03-07,Eastleigh,3908.87,85000
2023-03-07,Karen,2206.24,28000
2023-03-07,Kilimani,3088.33,38000
2023-03-07,Kibera,4545.27,180000
2023-03-07,South B,2290.77,45000
2023-03-07,Kahawa,1741.97,32000
2023-03-07,Parklands,3083.01,40000
2023-03-08,Westlands,3373.35,42000
2023-03-08,Eastleigh,3571.11,85000
2023-03-08,Karen,2516.72,28000
2023-03-08,Kilimani,2564.01,38000
2023-03-08,Kibera,4715.67,180000
2023-03-08,South B,2434.01,45000
2023-03-08,Kahawa,1974.88,32000
2023-03-08,Parklands,3086.56,40000
2023-03-09,Westlands,3111.96,42000
2023-03-09,Eastleigh,3698.34,85000
2023-03-09,Karen,2606.72,28000
2023-03-09,Kilimani,2823.86,38000
2023-03-09,Kibera,4934.7,180000
2023-03-09,South B,2456.09,45000
2023-03-09,Kahawa,2257.03,32000
2023-03-09,Parklands,3420.32,40000
2023-03-10,Westlands,2733.39,42000
2023-03-10,Eastleigh,3604.68,85000
2023-03-10,Karen,2507.84,28000
2023-03-10,Kilimani,2915.63,38000
2023-03-10,Kibera,4830.03,180000
2023-03-10,South B,2583.46,45000
2023-03-10,Kahawa,2154.45,32000
2023-03-10,Parklands,3045.41,40000
2023-03-11,Westlands,3600.13,42000
2023-03-11,Eastleigh,3858.04,85000
2023-03-11,Karen,2453.67,28000
2023-03-11,Kilimani,2869.16,38000
2023-03-11,Kibera,4631.33,180000
2023-03-11,South B,2626.9,45000
2023-03-11,Kahawa,2229.81,32000
2023-03-11,Parklands,2985.67,40000
2023-03-12,Westlands,3395.17,42000
2023-03-12,Eastleigh,4294.61,85000
2023-03-12,Karen,2582.92,28000
2023-03-12,Kilimani,2892.47,38000
2023-03-12,Kibera,5037.29,180000
2023-03-12,South B,2635.38,45000
2023-03-12,Kahawa,1654.1,32000
2023-03-12,Parklands,2849.21,40000
2023-03-13,Westlands,2884.62,42000
2023-03-13,Eastleigh,3721.58,85000
2023-03-13,Karen,2382.62,28000
2023-03-13,Kilimani,3371.49,38000
2023-03-13,Kibera,4834.23,180000
2023-03-13,South B,2682.87,45000
2023-03-13,Kahawa,2337.67,32000
2023-03-13,Parklands,2565.85,40000
2023-03-14,Westlands,3388.68,42000
2023-03-14,Eastleigh,3992.17,85000
2023-03-14,Karen,2028.46,28000
2023-03-14,Kilimani,3247.79,38000
2023-03-14,Kibera,4841.42,180000
2023-03-14,South B,2638.63,45000
2023-03-14,Kahawa,2293.01,32000
2023-03-14,Parklands,3635.07,40000
2023-03-15,Westlands,3378.82,42000
2023-03-15,Eastleigh,3871.13,85000
2023-03-15,Karen,2273.05,28000
2023-03-15,Kilimani,2775.64,38000
2023-03-15,Kibera,4962.81,180000
2023-03-15,South B,2535.91,45000
2023-03-15,Kahawa,2161.3,32000
2023-03-15,Parklands,2983.44,40000
2023-03-16,Westlands,3452.44,42000
2023-03-16,Eastleigh,3894.68,85000
2023-03-16,Karen,2631.85,28000
2023-03-16,Kilimani,2858.95,38000
2023-03-16,Kibera,4704.55,180000
2023-03-16,South B,2508.74,45000
2023-03-16,Kahawa,2040.07,32000
2023-03-16,Parklands,3189.75,40000
2023-03-17,Westlands,3521.45,42000
2023-03-17,Eastleigh,3598.02,85000
2023-03-17,Karen,2593.81,28000
2023-03-17,Kilimani,3306.37,38000
2023-03-17,Kibera,4871.25,180000
2023-03-17,South B,3192.1,45000
2023-03-17,Kahawa,1963.02,32000
2023-03-17,Parklands,2805.17,40000
2023-03-18,Westlands,2918.47,42000
2023-03-18,Eastleigh,4178.1,85000
2023-03-18,Karen,2544.29,28000
2023-03-18,Kilimani,2971.76,38000
2023-03-18,Kibera,4842.91,180000
2023-03-18,South B,2477.46,45000
2023-03-18,Kahawa,2733.27,32000
2023-03-18,Parklands,3135.29,40000
2023-03-19,Westlands,3371.64,42000
2023-03-19,Eastleigh,3996.86,85000
2023-03-19,Karen,2504.58,28000
2023-03-19,Kilimani,3040.55,38000
2023-03-19,Kibera,4590.39,180000
2023-03-19,South B,2860.75,45000
2023-03-19,Kahawa,2600.41,32000
2023-03-19,Parklands,3428.04,40000
2023-03-20,Westlands,3728.55,42000
2023-03-20,Eastleigh,3703.58,85000
2023-03-20,Karen,2154.51,28000
2023-03-20,Kilimani,2958.85,38000
2023-03-20,Kibera,4795.6,180000
2023-03-20,South B,3011.45,45000
2023-03-20,Kahawa,1747.33,32000
2023-03-20,Parklands,3474.22,40000
2023-03-21,Westlands,3311.73,42000
2023-03-21,Eastleigh,3725.9,85000
2023-03-21,Karen,2150.37,28000
2023-03-21,Kilimani,2594.73,38000
2023-03-21,Kibera,4981.99,180000
2023-03-21,South B,2768.94,45000
2023-03-21,Kahawa,1844.64,32000
2023-03-21,Parklands,2800.43,40000
2023-03-22,Westlands,3270.93,42000
2023-03-22,Eastleigh,4229.59,85000
2023-03-22,Karen,2331.65,28000
2023-03-22,Kilimani,2632.42,38000
2023-03-22,Kibera,4728.75,180000
2023-03-22,South B,2687.57,45000
2023-03-22,Kahawa,1508.83,32000
2023-03-22,Parklands,3098.93,40000
2023-03-23,Westlands,3297.61,42000
2023-03-23,Eastleigh,3998.64,85000
2023-03-23,Karen,2837.75,28000
2023-03-23,Kilimani,3263.48,38000
2023-03-23,Kibera,4725.48,180000
2023-03-23,South B,2489.17,45000
2023-03-23,Kahawa,2771.75,32000
2023-03-23,Parklands,3127.6,40000
2023-03-24,Westlands,3357.7,42000
2023-03-24,Eastleigh,3827.78,85000
2023-03-24,Karen,2443.43,28000
2023-03-24,Kilimani,2960.38,38000
2023-03-24,Kibera,4654.5,180000
2023-03-24,South B,2624.34,45000
2023-03-24,Kahawa,2148.53,32000
2023-03-24,Parklands,2984.56,40000
2023-03-25,Westlands,3184.78,42000
2023-03-25,Eastleigh,3860.53,85000
2023-03-25,Karen,2335.77,28000
2023-03-25,Kilimani,3356.6,38000
2023-03-25,Kibera,4158.37,180000
2023-03-25,South B,3018.04,45000
2023-03-25,Kahawa,2455.87,32000
2023-03-25,Parklands,2618.99,40000
2023-03-26,Westlands,3274.6,42000
2023-03-26,Eastleigh,3747.24,85000
2023-03-26,Karen,2060.21,28000
2023-03-26,Kilimani,2810.61,38000
2023-03-26,Kibera,4529.09,180000
2023-03-26,South B,3177.48,45000
2023-03-26,Kahawa,2382.26,32000
2023-03-26,Parklands,3421.87,40000
2023-03-27,Westlands,3530.8,42000
2023-03-27,Eastleigh,3566.6,85000
2023-03-27,Karen,2272.57,28000
2023-03-27,Kilimani,3115.33,38000
2023-03-27,Kibera,4503.62,180000
2023-03-27,South B,2929.13,45000
2023-03-27,Kahawa,2100.89,32000
2023-03-27,Parklands,3027.98,40000
2023-03-28,Westlands,3529.06,42000
2023-03-28,Eastleigh,3944.86,85000
2023-03-28,Karen,2312.34,28000
2023-03-28,Kilimani,3276.78,38000
2023-03-28,Kibera,4538.52,180000
2023-03-28,South B,2906.53,45000
2023-03-28,Kahawa,2301.32,32000
2023-03-28,Parklands,3044.35,40000
2023-03-29,Westlands,3437.38,42000
2023-03-29,Eastleigh,3538.81,85000
2023-03-29,Karen,2621.08,28000
2023-03-29,Kilimani,2954.85,38000
2023-03-29,Kibera,4673.33,180000
2023-03-29,South B,3010.98,45000
2023-03-29,Kahawa,1990.44,32000
2023-03-29,Parklands,2781.24,40000
2023-03-30,Westlands,2986.04,42000
2023-03-30,Eastleigh,3984.94,85000
2023-03-30,Karen,2092.44,28000
2023-03-30,Kilimani,3420.72,38000
2023-03-30,Kibera,4299.8,180000
2023-03-30,South B,3166.75,45000
2023-03-30,Kahawa,2210.37,32000
2023-03-30,Parklands,3096.4,40000
2023-03-31,Westlands,3229.09,42000
2023-03-31,Eastleigh,3935.64,85000
2023-03-31,Karen,2390.88,28000
2023-03-31,Kilimani,3264.67,38000
2023-03-31,Kibera,4827.23,180000
2023-03-31,South B,2795.96,45000
2023-03-31,Kahawa,2072.65,32000
2023-03-31,Parklands,3106.21,40000
2023-04-01,Westlands,3433.87,42000
2023-04-01,Eastleigh,3429.55,85000
2023-04-01,Karen,2076.43,28000
2023-04-01,Kilimani,3178.38,38000
2023-04-01,Kibera,4841.0,180000
2023-04-01,South B,2715.84,45000
2023-04-01,Kahawa,2164.42,32000
2023-04-01,Parklands,3203.41,40000
2023-04-02,Westlands,3230.41,42000
2023-04-02,Eastleigh,3653.16,85000
2023-04-02,Karen,2446.97,28000
2023-04-02,Kilimani,2765.15,38000
2023-04-02,Kibera,4897.91,180000
2023-04-02,South B,2351.35,45000
2023-04-02,Kahawa,2406.96,32000
2023-04-02,Parklands,3233.38,40000
2023-04-03,Westlands,3421.19,42000
2023-04-03,Eastleigh,4075.54,85000
2023-04-03,Karen,2799.5,28000
2023-04-03,Kilimani,3243.2,38000
2023-04-03,Kibera,4357.86,180000
2023-04-03,South B,2452.72,45000
2023-04-03,Kahawa,2009.89,32000
2023-04-03,Parklands,3126.03,40000
2023-04-04,Westlands,3483.59,42000
2023-04-04,Eastleigh,3665.14,85000
2023-04-04,Karen,2444.37,28000
2023-04-04,Kilimani,2818.18,38000
2023-04-04,Kibera,4652.37,180000
2023-04-04,South B,2421.95,45000
2023-04-04,Kahawa,1938.06,32000
2023-04-04,Parklands,2795.07,40000
2023-04-05,Westlands,3124.71,42000
2023-04-05,Eastleigh,4091.45,85000
2023-04-05,Karen,2171.39,28000
2023-04-05,Kilimani,3630.51,38000
2023-04-05,Kibera,4916.69,180000
2023-04-05,South B,2803.39,45000
2023-04-05,Kahawa,1953.32,32000
2023-04-05,Parklands,3286.93,40000
2023-04-06,Westlands,3220.05,42000
2023-04-06,Eastleigh,3867.13,85000
2023-04-06,Karen,3012.74,28000
2023-04-06,Kilimani,2975.29,38000
2023-04-06,Kibera,5073.0,180000
2023-04-06,South B,2589.79,45000
2023-04-06,Kahawa,2150.4,32000
2023-04-06,Parklands,3543.02,40000
2023-04-07,Westlands,3206.91,42000
2023-04-07,Eastleigh,4271.5,85000
2023-04-07,Karen,2567.76,28000
2023-04-07,Kilimani,2862.67,38000
2023-04-07,Kibera,4947.74,180000
2023-04-07,South B,2990.97,45000
2023-04-07,Kahawa,2307.35,32000
2023-04-07,Parklands,2740.91,40000
2023-04-08,Westlands,3181.91,42000
2023-04-08,Eastleigh,3776.35,85000
2023-04-08,Karen,2379.46,28000
2023-04-08,Kilimani,3145.42,38000
2023-04-08,Kibera,4837.21,180000
2023-04-08,South B,2436.78,45000
2023-04-08,Kahawa,2248.72,32000
2023-04-08,Parklands,3262.87,40000
2023-04-09,Westlands,3489.17,42000
2023-04-09,Eastleigh,4093.32,85000
2023-04-09,Karen,2596.29,28000
2023-04-09,Kilimani,3105.6,38000
2023-04-09,Kibera,4776.08,180000
2023-04-09,South B,2357.87,45000
2023-04-09,Kahawa,2259.76,32000
2023-04-09,Parklands,3165.15,40000
2023-04-10,Westlands,3418.72,42000
2023-04-10,Eastleigh,3526.91,85000
2023-04-10,Karen,2136.51,28000
2023-04-10,Kilimani,3246.62,38000
2023-04-10,Kibera,4781.47,180000
2023-04-10,South B,2918.04,45000
2023-04-10,Kahawa,2162.71,32000
2023-04-10,Parklands,3121.24,40000
2023-04-11,Westlands,3576.79,42000
2023-04-11,Eastleigh,3707.45,85000
2023-04-11,Karen,2417.39,28000
2023-04-11,Kilimani,2882.29,38000
2023-04-11,Kibera,4684.72,180000
2023-04-11,South B,2679.51,45000
2023-04-11,Kahawa,2208.13,32000
2023-04-11,Parklands,2998.06,40000
2023-04-12,Westlands,3650.96,42000
2023-04-12,Eastleigh,3614.98,85000
2023-04-12,Karen,2348.45,28000
2023-04-12,Kilimani,2886.23,38000
2023-04-12,Kibera,5132.63,180000
2023-04-12,South B,2799.19,45000
2023-04-12,Kahawa,2400.79,32000
2023-04-12,Parklands,2755.6,40000
2023-04-13,Westlands,3412.46,42000
2023-04-13,Eastleigh,4039.74,85000
2023-04-13,Karen,2411.53,28000
2023-04-13,Kilimani,3244.65,38000
2023-04-13,Kibera,4659.96,180000
2023-04-13,South B,3087.72,45000
2023-04-13,Kahawa,2702.52,32000
2023-04-13,Parklands,3022.61,40000
2023-04-14,Westlands,3240.07,42000
2023-04-14,Eastleigh,4172.06,85000
2023-04-14,Karen,2767.99,28000
2023-04-14,Kilimani,2863.02,38000
2023-04-14,Kibera,4680.37,180000
2023-04-14,South B,2681.61,45000
2023-04-14,Kahawa,1829.99,32000
2023-04-14,Parklands,2887.93,40000
2023-04-15,Westlands,3104.51,42000
2023-04-15,Eastleigh,3638.74,85000
2023-04-15,Karen,2380.56,28000
2023-04-15,Kilimani,3042.01,38000
2023-04-15,Kibera,5148.09,180000
2023-04-15,South B,2508.68,45000
2023-04-15,Kahawa,2385.1,32000
2023-04-15,Parklands,3054.38,40000
2023-04-16,Westlands,3330.24,42000
2023-04-16,Eastleigh,3980.57,85000
2023-04-16,Karen,2119.16,28000
2023-04-16,Kilimani,3075.26,38000
2023-04-16,Kibera,4814.09,180000
2023-04-16,South B,2862.81,45000
2023-04-16,Kahawa,2217.49,32000
2023-04-16,Parklands,3689.45,40000
2023-04-17,Westlands,3187.42,42000
2023-04-17,Eastleigh,3689.96,85000
2023-04-17,Karen,2236.75,28000
2023-04-17,Kilimani,2849.23,38000
2023-04-17,Kibera,4618.73,180000
2023-04-17,South B,3026.82,45000
2023-04-17,Kahawa,2485.69,32000
2023-04-17,Parklands,2964.86,40000
2023-04-18,Westlands,3138.49,42000
2023-04-18,Eastleigh,3925.94,85000
2023-04-18,Karen,2251.87,28000
2023-04-18,Kilimani,3130.22,38000
2023-04-18,Kibera,4815.34,180000
2023-04-18,South B,2379.73,45000
2023-04-18,Kahawa,2513.98,32000
2023-04-18,Parklands,3526.58,40000
2023-04-19,Westlands,3188.13,42000
2023-04-19,Eastleigh,3718.03,85000
2023-04-19,Karen,2449.55,28000
2023-04-19,Kilimani,3056.49,38000
2023-04-19,Kibera,4919.78,180000
2023-04-19,South B,3217.42,45000
2023-04-19,Kahawa,2101.19,32000
2023-04-19,Parklands,2905.8,40000
2023-04-20,Westlands,3002.89,42000
2023-04-20,Eastleigh,3633.04,85000
2023-04-20,Karen,2371.46,28000
2023-04-20,Kilimani,3401.17,38000
2023-04-20,Kibera,4635.53,180000
2023-04-20,South B,2789.49,45000
2023-04-20,Kahawa,2137.5,32000
2023-04-20,Parklands,3375.91,40000
2023-04-21,Westlands,3928.62,42000
2023-04-21,Eastleigh,3677.17,85000
2023-04-21,Karen,2260.76,28000
2023-04-21,Kilimani,3219.59,38000
2023-04-21,Kibera,4916.3,180000
2023-04-21,South B,3172.65,45000
2023-04-21,Kahawa,2278.2,32000
2023-04-21,Parklands,3004.83,40000
2023-04-22,Westlands,3464.92,42000
2023-04-22,Eastleigh,4062.89,85000
2023-04-22,Karen,2569.6,28000
2023-04-22,Kilimani,3088.91,38000
2023-04-22,Kibera,5002.81,180000
2023-04-22,South B,3008.64,45000
2023-04-22,Kahawa,2465.51,32000
2023-04-22,Parklands,3241.23,40000
2023-04-23,Westlands,3281.56,42000
2023-04-23,Eastleigh,3830.47,85000
2023-04-23,Karen,2658.51,28000
2023-04-23,Kilimani,2771.56,38000
2023-04-23,Kibera,4832.04,180000
2023-04-23,South B,2634.82,45000
2023-04-23,Kahawa,2141.88,32000
2023-04-23,Parklands,3387.26,40000
2023-04-24,Westlands,3362.89,42000
2023-04-24,Eastleigh,3802.55,85000
2023-04-24,Karen,2047.47,28000
2023-04-24,Kilimani,3138.99,38000
2023-04-24,Kibera,4892.39,180000
2023-04-24,South B,3237.8,45000
2023-04-24,Kahawa,2059.81,32000
2023-04-24,Parklands,3132.56,40000
2023-04-25,Westlands,3372.88,42000
2023-04-25,Eastleigh,4160.64,85000
2023-04-25,Karen,2344.48,28000
2023-04-25,Kilimani,3024.84,38000
2023-04-25,Kibera,4877.96,180000
2023-04-25,South B,2766.26,45000
2023-04-25,Kahawa,2024.66,32000
2023-04-25,Parklands,3123.09,40000
2023-04-26,Westlands,3563.77,42000
2023-04-26,Eastleigh,3540.09,85000
2023-04-26,Karen,2395.68,28000
2023-04-26,Kilimani,2789.78,38000
2023-04-26,Kibera,5011.02,180000
2023-04-26,South B,2358.76,45000
2023-04-26,Kahawa,1995.68,32000
2023-04-26,Parklands,3162.7,40000
2023-04-27,Westlands,3675.55,42000
2023-04-27,Eastleigh,3762.62,85000
2023-04-27,Karen,2230.24,28000
2023-04-27,Kilimani,3395.88,38000
2023-04-27,Kibera,4380.76,180000
2023-04-27,South B,2196.33,45000
2023-04-27,Kahawa,2229.11,32000
2023-04-27,Parklands,2951.19,40000
2023-04-28,Westlands,3060.83,42000
2023-04-28,Eastleigh,3940.39,85000
2023-04-28,Karen,2415.83,28000
2023-04-28,Kilimani,2814.89,38000
2023-04-28,Kibera,4414.73,180000
2023-04-28,South B,2917.84,45000
2023-04-28,Kahawa,2275.84,32000
2023-04-28,Parklands,3042.45,40000
2023-04-29,Westlands,3732.24,42000
2023-04-29,Eastleigh,3516.33,85000
2023-04-29,Karen,1995.93,28000
2023-04-29,Kilimani,2781.07,38000
2023-04-29,Kibera,4699.71,180000
2023-04-29,South B,2765.82,45000
2023-04-29,Kahawa,2062.88,32000
2023-04-29,Parklands,3144.71,40000
2023-04-30,Westlands,2998.44,42000
2023-04-30,Eastleigh,4102.78,85000
2023-04-30,Karen,2332.68,28000
2023-04-30,Kilimani,3202.79,38000
2023-04-30,Kibera,4784.62,180000
2023-04-30,South B,2812.23,45000
2023-04-30,Kahawa,2250.81,32000
2023-04-30,Parklands,3162.91,40000
2023-05-01,Westlands,3439.11,42000
2023-05-01,Eastleigh,4070.07,85000
2023-05-01,Karen,2394.84,28000
2023-05-01,Kilimani,3102.38,38000
2023-05-01,Kibera,4676.29,180000
2023-05-01,South B,3039.22,45000
2023-05-01,Kahawa,1954.95,32000
2023-05-01,Parklands,3476.27,40000
2023-05-02,Westlands,3273.94,42000
2023-05-02,Eastleigh,3416.86,85000
2023-05-02,Karen,2375.3,28000
2023-05-02,Kilimani,2771.85,38000
2023-05-02,Kibera,4887.67,180000
2023-05-02,South B,2543.99,45000
2023-05-02,Kahawa,2006.09,32000
2023-05-02,Parklands,2605.69,40000
2023-05-03,Westlands,3172.5,42000
2023-05-03,Eastleigh,3179.16,85000
2023-05-03,Karen,1970.82,28000
2023-05-03,Kilimani,3105.23,38000
2023-05-03,Kibera,4867.47,180000
2023-05-03,South B,2792.62,45000
2023-05-03,Kahawa,1881.12,32000
2023-05-03,Parklands,3033.07,40000
2023-05-04,Westlands,3272.5,42000
2023-05-04,Eastleigh,3470.12,85000
2023-05-04,Karen,2689.61,28000
2023-05-04,Kilimani,3127.76,38000
2023-05-04,Kibera,4624.54,180000
2023-05-04,South B,2695.1,45000
2023-05-04,Kahawa,2153.01,32000
2023-05-04,Parklands,2562.15,40000
2023-05-05,Westlands,3210.42,42000
2023-05-05,Eastleigh,3575.79,85000
2023-05-05,Karen,2100.56,28000
2023-05-05,Kilimani,2852.34,38000
2023-05-05,Kibera,5088.39,180000
2023-05-05,South B,2834.12,45000
2023-05-05,Kahawa,1967.6,32000
2023-05-05,Parklands,3168.34,40000
2023-05-06,Westlands,3588.88,42000
2023-05-06,Eastleigh,3944.36,85000
2023-05-06,Karen,2344.44,28000
2023-05-06,Kilimani,2762.41,38000
2023-05-06,Kibera,4823.81,180000
2023-05-06,South B,2771.83,45000
2023-05-06,Kahawa,2306.12,32000
2023-05-06,Parklands,3177.73,40000
2023-05-07,Westlands,3501.45,42000
2023-05-07,Eastleigh,3598.06,85000
2023-05-07,Karen,2633.12,28000
2023-05-07,Kilimani,2954.24,38000
2023-05-07,Kibera,5136.06,180000
2023-05-07,South B,2515.26,45000
2023-05-07,Kahawa,2497.85,32000
2023-05-07,Parklands,3070.65,40000
2023-05-08,Westlands,3100.33,42000
2023-05-08,Eastleigh,3603.76,85000
2023-05-08,Karen,2248.19,28000
2023-05-08,Kilimani,3001.76,38000
2023-05-08,Kibera,4766.62,180000
2023-05-08,South B,2537.73,45000
2023-05-08,Kahawa,2084.68,32000
2023-05-08,Parklands,3516.93,40000
2023-05-09,Westlands,3646.39,42000
2023-05-09,Eastleigh,3810.72,85000
2023-05-09,Karen,2327.28,28000
2023-05-09,Kilimani,2925.92,38000
2023-05-09,Kibera,4779.19,180000
2023-05-09,South B,2429.11,45000
2023-05-09,Kahawa,2026.95,32000
2023-05-09,Parklands,2627.16,40000
2023-05-10,Westlands,3332.35,42000
2023-05-10,Eastleigh,3852.59,85000
2023-05-10,Karen,2202.44,28000
2023-05-10,Kilimani,3257.09,38000
2023-05-10,Kibera,4344.85,180000
2023-05-10,South B,2322.5,45000
2023-05-10,Kahawa,2134.78,32000
2023-05-10,Parklands,3250.86,40000
2023-05-11,Westlands,3622.91,42000
2023-05-11,Eastleigh,3589.93,85000
2023-05-11,Karen,2559.12,28000
2023-05-11,Kilimani,2878.55,38000
2023-05-11,Kibera,4580.03,180000
2023-05-11,South B,2860.57,45000
2023-05-11,Kahawa,2229.64,32000
2023-05-11,Parklands,2638.8,40000
2023-05-12,Westlands,3568.2,42000
2023-05-12,Eastleigh,4007.08,85000
2023-05-12,Karen,2161.33,28000
2023-05-12,Kilimani,2973.2,38000
2023-05-12,Kibera,4725.01,180000
2023-05-12,South B,2711.49,45000
2023-05-12,Kahawa,1948.12,32000
2023-05-12,Parklands,2842.38,40000
2023-05-13,Westlands,3215.61,42000
2023-05-13,Eastleigh,3951.56,85000
2023-05-13,Karen,2426.15,28000
2023-05-13,Kilimani,2791.05,38000
2023-05-13,Kibera,4779.71,180000
2023-05-13,South B,1990.76,45000
2023-05-13,Kahawa,2335.3,32000
2023-05-13,Parklands,2591.07,40000
2023-05-14,Westlands,3131.85,42000
2023-05-14,Eastleigh,3417.25,85000
2023-05-14,Karen,1999.17,28000
2023-05-14,Kilimani,3137.19,38000
2023-05-14,Kibera,4485.57,180000
2023-05-14,South B,2720.54,45000
2023-05-14,Kahawa,2056.06,32000
2023-05-14,Parklands,3094.99,40000
2023-05-15,Westlands,3226.16,42000
2023-05-15,Eastleigh,3372.88,85000
2023-05-15,Karen,2520.15,28000
2023-05-15,Kilimani,2751.62,38000
2023-05-15,Kibera,4226.91,180000
2023-05-15,South B,2537.48,45000
2023-05-15,Kahawa,2406.59,32000
2023-05-15,Parklands,3174.23,40000
2023-05-16,Westlands,3122.16,42000
2023-05-16,Eastleigh,3579.44,85000
2023-05-16,Karen,2213.51,28000
2023-05-16,Kilimani,3333.81,38000
2023-05-16,Kibera,4661.49,180000
2023-05-16,South B,2728.48,45000
2023-05-16,Kahawa,2294.0,32000
2023-05-16,Parklands,3027.8,40000
2023-05-17,Westlands,3136.01,42000
2023-05-17,Eastleigh,3606.76,85000
2023-05-17,Karen,2265.89,28000
2023-05-17,Kilimani,2844.3,38000
2023-05-17,Kibera,4730.53,180000
2023-05-17,South B,2636.42,45000
2023-05-17,Kahawa,2221.22,32000
2023-05-17,Parklands,2948.48,40000
2023-05-18,Westlands,3206.15,42000
2023-05-18,Eastleigh,3188.65,85000
2023-05-18,Karen,2485.99,28000
2023-05-18,Kilimani,2925.55,38000
2023-05-18,Kibera,4781.9,180000
2023-05-18,South B,1959.34,45000
2023-05-18,Kahawa,2525.17,32000
2023-05-18,Parklands,2928.72,40000
2023-05-19,Westlands,3433.05,42000
2023-05-19,Eastleigh,3399.4,85000
2023-05-19,Karen,2411.55,28000
2023-05-19,Kilimani,2601.02,38000
2023-05-19,Kibera,4402.88,180000
2023-05-19,South B,3048.08,45000
2023-05-19,Kahawa,2001.75,32000
2023-05-19,Parklands,3003.41,40000
2023-05-20,Westlands,3371.38,42000
2023-05-20,Eastleigh,3739.94,85000
2023-05-20,Karen,2301.33,28000
2023-05-20,Kilimani,2916.78,38000
2023-05-20,Kibera,5079.36,180000
2023-05-20,South B,2594.25,45000
2023-05-20,Kahawa,2086.1,32000
2023-05-20,Parklands,3185.6,40000
2023-05-21,Westlands,3416.96,42000
2023-05-21,Eastleigh,3887.81,85000
2023-05-21,Karen,2406.55,28000
2023-05-21,Kilimani,2569.02,38000
2023-05-21,Kibera,4893.62,180000
2023-05-21,South B,2342.06,45000
2023-05-21,Kahawa,2104.31,32000
2023-05-21,Parklands,2770.06,40000
2023-05-22,Westlands,3145.08,42000
2023-05-22,Eastleigh,3685.11,85000
2023-05-22,Karen,2329.35,28000
2023-05-22,Kilimani,2916.25,38000
2023-05-22,Kibera,4877.83,180000
2023-05-22,South B,2697.7,45000
2023-05-22,Kahawa,1976.04,32000
2023-05-22,Parklands,3151.45,40000
2023-05-23,Westlands,3419.92,42000
2023-05-23,Eastleigh,3326.01,85000
2023-05-23,Karen,2386.01,28000
2023-05-23,Kilimani,2972.25,38000
2023-05-23,Kibera,4436.01,180000
2023-05-23,South B,2898.97,45000
2023-05-23,Kahawa,1992.57,32000
2023-05-23,Parklands,2955.23,40000
2023-05-24,Westlands,3105.69,42000
2023-05-24,Eastleigh,3597.28,85000
2023-05-24,Karen,1999.88,28000
2023-05-24,Kilimani,2484.19,38000
2023-05-24,Kibera,4850.37,180000
2023-05-24,South B,2392.79,45000
2023-05-24,Kahawa,1798.82,32000
2023-05-24,Parklands,2436.27,40000
2023-05-25,Westlands,2993.74,42000
2023-05-25,Eastleigh,3288.58,85000
2023-05-25,Karen,2608.57,28000
2023-05-25,Kilimani,3027.08,38000
2023-05-25,Kibera,4327.11,180000
2023-05-25,South B,3081.44,45000
2023-05-25,Kahawa,2236.56,32000
2023-05-25,Parklands,2840.06,40000
2023-05-26,Westlands,2570.51,42000
2023-05-26,Eastleigh,4088.23,85000
2023-05-26,Karen,1924.53,28000
2023-05-26,Kilimani,2426.13,38000
2023-05-26,Kibera,4698.78,180000
2023-05-26,South B,3115.69,45000
2023-05-26,Kahawa,2321.0,32000
2023-05-26,Parklands,3031.69,40000
2023-05-27,Westlands,3253.91,42000
2023-05-27,Eastleigh,3757.48,85000
2023-05-27,Karen,2398.71,28000
2023-05-27,Kilimani,2849.58,38000
2023-05-27,Kibera,4482.25,180000
2023-05-27,South B,2549.98,45000
2023-05-27,Kahawa,1838.46,32000
2023-05-27,Parklands,2835.78,40000
2023-05-28,Westlands,2736.88,42000
2023-05-28,Eastleigh,3536.27,85000
2023-05-28,Karen,2003.99,28000
2023-05-28,Kilimani,2534.37,38000
2023-05-28,Kibera,4487.68,180000
2023-05-28,South B,2866.97,45000
2023-05-28,Kahawa,2205.67,32000
2023-05-28,Parklands,2541.73,40000
2023-05-29,Westlands,2885.83,42000
2023-05-29,Eastleigh,3757.63,85000
2023-05-29,Karen,2000.17,28000
2023-05-29,Kilimani,2722.79,38000
2023-05-29,Kibera,4558.2,180000
2023-05-29,South B,2336.02,45000
2023-05-29,Kahawa,2019.66,32000
2023-05-29,Parklands,2587.63,40000
2023-05-30,Westlands,2964.17,42000
2023-05-30,Eastleigh,3610.41,85000
2023-05-30,Karen,1859.88,28000
2023-05-30,Kilimani,2862.81,38000
2023-05-30,Kibera,4420.24,180000
2023-05-30,South B,2666.36,45000
2023-05-30,Kahawa,2040.6,32000
2023-05-30,Parklands,3177.77,40000
2023-05-31,Westlands,3116.62,42000
2023-05-31,Eastleigh,3435.53,85000
2023-05-31,Karen,2233.41,28000
2023-05-31,Kilimani,2877.91,38000
2023-05-31,Kibera,4423.63,180000
2023-05-31,South B,2546.34,45000
2023-05-31,Kahawa,1830.89,32000
2023-05-31,Parklands,2722.09,40000
2023-06-01,Westlands,2772.05,42000
2023-06-01,Eastleigh,3905.79,85000
2023-06-01,Karen,1926.79,28000
2023-06-01,Kilimani,2598.15,38000
2023-06-01,Kibera,4242.91,180000
2023-06-01,South B,2727.5,45000
2023-06-01,Kahawa,1915.54,32000
2023-06-01,Parklands,3135.21,40000
2023-06-02,Westlands,2924.51,42000
2023-06-02,Eastleigh,3572.44,85000
2023-06-02,Karen,2011.19,28000
2023-06-02,Kilimani,3213.89,38000
2023-06-02,Kibera,4128.4,180000
2023-06-02,South B,2591.68,45000
2023-06-02,Kahawa,2114.14,32000
2023-06-02,Parklands,2943.67,40000
2023-06-03,Westlands,3023.3,42000
2023-06-03,Eastleigh,3473.13,85000
2023-06-03,Karen,2198.05,28000
2023-06-03,Kilimani,2703.41,38000
2023-06-03,Kibera,4587.87,180000
2023-06-03,South B,3000.5,45000
2023-06-03,Kahawa,1847.61,32000
2023-06-03,Parklands,2545.23,40000
2023-06-04,Westlands,3036.04,42000
2023-06-04,Eastleigh,4054.77,85000
2023-06-04,Karen,2006.97,28000
2023-06-04,Kilimani,3085.67,38000
2023-06-04,Kibera,4730.86,180000
2023-06-04,South B,2388.9,45000
2023-06-04,Kahawa,2088.3,32000
2023-06-04,Parklands,3192.45,40000
2023-06-05,Westlands,2964.18,42000
2023-06-05,Eastleigh,3437.63,85000
2023-06-05,Karen,2049.62,28000
2023-06-05,Kilimani,2499.43,38000
2023-06-05,Kibera,4211.12,180000
2023-06-05,South B,2236.28,45000
2023-06-05,Kahawa,1966.0,32000
2023-06-05,Parklands,2661.51,40000
2023-06-06,Westlands,3088.73,42000
2023-06-06,Eastleigh,3134.37,85000
2023-06-06,Karen,2241.8,28000
2023-06-06,Kilimani,2893.38,38000
2023-06-06,Kibera,3907.36,180000
2023-06-06,South B,2576.67,45000
2023-06-06,Kahawa,2219.4,32000
2023-06-06,Parklands,2558.51,40000
2023-06-07,Westlands,3391.14,42000
2023-06-07,Eastleigh,3552.65,85000
2023-06-07,Karen,2011.2,28000
2023-06-07,Kilimani,2692.61,38000
2023-06-07,Kibera,4448.29,180000
2023-06-07,South B,2504.75,45000
2023-06-07,Kahawa,2063.94,32000
2023-06-07,Parklands,2613.66,40000
2023-06-08,Westlands,3056.95,42000
2023-06-08,Eastleigh,3146.9,85000
2023-06-08,Karen,2133.44,28000
2023-06-08,Kilimani,2501.78,38000
2023-06-08,Kibera,4156.19,180000
2023-06-08,South B,2747.73,45000
2023-06-08,Kahawa,2177.14,32000
2023-06-08,Parklands,2936.08,40000
2023-06-09,Westlands,2776.55,42000
2023-06-09,Eastleigh,3373.67,85000
2023-06-09,Karen,2412.03,28000
2023-06-09,Kilimani,2719.34,38000
2023-06-09,Kibera,4801.07,180000
2023-06-09,South B,2558.35,45000
2023-06-09,Kahawa,1977.29,32000
2023-06-09,Parklands,2729.91,40000
2023-06-10,Westlands,3031.2,42000
2023-06-10,Eastleigh,3398.8,85000
2023-06-10,Karen,2296.55,28000
2023-06-10,Kilimani,2886.04,38000
2023-06-10,Kibera,4120.8,180000
2023-06-10,South B,2180.88,45000
2023-06-10,Kahawa,1536.41,32000
2023-06-10,Parklands,2897.04,40000
2023-06-11,Westlands,2757.62,42000
2023-06-11,Eastleigh,2960.85,85000
2023-06-11,Karen,2221.33,28000
2023-06-11,Kilimani,3205.87,38000
2023-06-11,Kibera,4275.19,180000
2023-06-11,South B,2638.27,45000
2023-06-11,Kahawa,1941.92,32000
2023-06-11,Parklands,2758.57,40000
2023-06-12,Westlands,3180.39,42000
2023-06-12,Eastleigh,3348.94,85000
2023-06-12,Karen,2188.77,28000
2023-06-12,Kilimani,2733.28,38000
2023-06-12,Kibera,4121.11,180000
2023-06-12,South B,2663.01,45000
2023-06-12,Kahawa,1881.29,32000
2023-06-12,Parklands,2610.19,40000
2023-06-13,Westlands,3089.36,42000
2023-06-13,Eastleigh,3209.44,85000
2023-06-13,Karen,2131.23,28000
2023-06-13,Kilimani,2654.62,38000
2023-06-13,Kibera,4481.26,180000
2023-06-13,South B,2544.91,45000
2023-06-13,Kahawa,1907.4,32000
2023-06-13,Parklands,2936.61,40000
2023-06-14,Westlands,3260.7,42000
2023-06-14,Eastleigh,3508.08,85000
2023-06-14,Karen,2120.88,28000
2023-06-14,Kilimani,2370.42,38000
2023-06-14,Kibera,4011.71,180000
2023-06-14,South B,2371.82,45000
2023-06-14,Kahawa,1777.68,32000
2023-06-14,Parklands,2714.68,40000
2023-06-15,Westlands,2968.89,42000
2023-06-15,Eastleigh,3491.22,85000
2023-06-15,Karen,2097.2,28000
2023-06-15,Kilimani,2742.87,38000
2023-06-15,Kibera,4237.8,180000
2023-06-15,South B,2011.67,45000
2023-06-15,Kahawa,1702.49,32000
2023-06-15,Parklands,2715.29,40000
2023-06-16,Westlands,2692.96,42000
2023-06-16,Eastleigh,3495.06,85000
2023-06-16,Karen,2427.76,28000
2023-06-16,Kilimani,2888.44,38000
2023-06-16,Kibera,4165.99,180000
2023-06-16,South B,2735.15,45000
2023-06-16,Kahawa,1926.22,32000
2023-06-16,Parklands,2666.13,40000
2023-06-17,Westlands,2809.59,42000
2023-06-17,Eastleigh,3294.61,85000
2023-06-17,Karen,2017.34,28000
2023-06-17,Kilimani,2659.28,38000
2023-06-17,Kibera,4231.32,180000
2023-06-17,South B,2414.27,45000
2023-06-17,Kahawa,1980.63,32000
2023-06-17,Parklands,2978.35,40000
2023-06-18,Westlands,3127.63,42000
2023-06-18,Eastleigh,3036.74,85000
2023-06-18,Karen,1557.81,28000
2023-06-18,Kilimani,2810.62,38000
2023-06-18,Kibera,3898.28,180000
2023-06-18,South B,2358.92,45000
2023-06-18,Kahawa,1638.11,32000
2023-06-18,Parklands,2342.76,40000
2023-06-19,Westlands,3032.49,42000
2023-06-19,Eastleigh,3494.97,85000
2023-06-19,Karen,1965.18,28000
2023-06-19,Kilimani,2066.42,38000
2023-06-19,Kibera,4056.9,180000
2023-06-19,South B,2479.93,45000
2023-06-19,Kahawa,1568.45,32000
2023-06-19,Parklands,2749.27,40000
2023-06-20,Westlands,2906.95,42000
2023-06-20,Eastleigh,3446.29,85000
2023-06-20,Karen,2103.53,28000
2023-06-20,Kilimani,2396.07,38000
2023-06-20,Kibera,4406.07,180000
2023-06-20,South B,2357.52,45000
2023-06-20,Kahawa,1865.13,32000
2023-06-20,Parklands,2508.27,40000
2023-06-21,Westlands,2808.83,42000
2023-06-21,Eastleigh,3131.73,85000
2023-06-21,Karen,2036.07,28000
2023-06-21,Kilimani,2944.53,38000
2023-06-21,Kibera,3859.57,180000
2023-06-21,South B,2048.38,45000
2023-06-21,Kahawa,2169.53,32000
2023-06-21,Parklands,2650.11,40000
2023-06-22,Westlands,2753.0,42000
2023-06-22,Eastleigh,3518.95,85000
2023-06-22,Karen,1940.06,28000
2023-06-22,Kilimani,2958.5,38000
2023-06-22,Kibera,4270.25,180000
2023-06-22,South B,2274.13,45000
2023-06-22,Kahawa,2304.12,32000
2023-06-22,Parklands,2559.57,40000
2023-06-23,Westlands,3034.39,42000
2023-06-23,Eastleigh,3354.92,85000
2023-06-23,Karen,2326.26,28000
2023-06-23,Kilimani,2894.31,38000
2023-06-23,Kibera,4123.23,180000
2023-06-23,South B,2211.99,45000
2023-06-23,Kahawa,1947.16,32000
2023-06-23,Parklands,2536.32,40000
2023-06-24,Westlands,3285.15,42000
2023-06-24,Eastleigh,3310.41,85000
2023-06-24,Karen,1976.55,28000
2023-06-24,Kilimani,2602.26,38000
2023-06-24,Kibera,3826.64,180000
2023-06-24,South B,2159.9,45000
2023-06-24,Kahawa,2092.61,32000
2023-06-24,Parklands,2532.19,40000
2023-06-25,Westlands,2648.47,42000
2023-06-25,Eastleigh,3381.19,85000
2023-06-25,Karen,2287.1,28000
2023-06-25,Kilimani,2702.83,38000
2023-06-25,Kibera,4292.99,180000
2023-06-25,South B,2196.62,45000
2023-06-25,Kahawa,1549.48,32000
2023-06-25,Parklands,2965.03,40000
2023-06-26,Westlands,2787.18,42000
2023-06-26,Eastleigh,3209.39,85000
2023-06-26,Karen,2308.48,28000
2023-06-26,Kilimani,2660.62,38000
2023-06-26,Kibera,4168.53,180000
2023-06-26,South B,2784.67,45000
2023-06-26,Kahawa,1702.9,32000
2023-06-26,Parklands,2838.24,40000
2023-06-27,Westlands,2854.92,42000
2023-06-27,Eastleigh,3304.08,85000
2023-06-27,Karen,2341.38,28000
2023-06-27,Kilimani,2641.83,38000
2023-06-27,Kibera,4171.23,180000
2023-06-27,South B,2553.42,45000
2023-06-27,Kahawa,1753.74,32000
2023-06-27,Parklands,2469.8,40000
2023-06-28,Westlands,2622.24,42000
2023-06-28,Eastleigh,2840.53,85000
2023-06-28,Karen,2440.28,28000
2023-06-28,Kilimani,2306.81,38000
2023-06-28,Kibera,4003.39,180000
2023-06-28,South B,2271.67,45000
2023-06-28,Kahawa,1883.9,32000
2023-06-28,Parklands,2796.42,40000
2023-06-29,Westlands,2997.67,42000
2023-06-29,Eastleigh,3109.92,85000
2023-06-29,Karen,1983.5,28000
2023-06-29,Kilimani,2578.51,38000
2023-06-29,Kibera,3984.25,180000
2023-06-29,South B,2644.03,45000
2023-06-29,Kahawa,1914.53,32000
2023-06-29,Parklands,2770.61,40000
2023-06-30,Westlands,2947.72,42000
2023-06-30,Eastleigh,3452.43,85000
2023-06-30,Karen,2046.72,28000
2023-06-30,Kilimani,2252.2,38000
2023-06-30,Kibera,4101.01,180000
2023-06-30,South B,2180.93,45000
2023-06-30,Kahawa,1703.03,32000
2023-06-30,Parklands,2731.3,40000
2023-07-01,Westlands,3052.9,42000
2023-07-01,Eastleigh,3209.77,85000
2023-07-01,Karen,2065.32,28000
2023-07-01,Kilimani,2845.33,38000
2023-07-01,Kibera,4055.12,180000
2023-07-01,South B,2825.19,45000
2023-07-01,Kahawa,1916.4,32000
2023-07-01,Parklands,2251.72,40000
2023-07-02,Westlands,2945.59,42000
2023-07-02,Eastleigh,3270.59,85000
2023-07-02,Karen,2254.06,28000
2023-07-02,Kilimani,2630.1,38000
2023-07-02,Kibera,3965.47,180000
2023-07-02,South B,2051.6,45000
2023-07-02,Kahawa,1755.17,32000
2023-07-02,Parklands,2425.71,40000
2023-07-03,Westlands,2670.04,42000
2023-07-03,Eastleigh,3300.58,85000
2023-07-03,Karen,2321.93,28000
2023-07-03,Kilimani,2565.62,38000
2023-07-03,Kibera,3741.4,180000
2023-07-03,South B,2376.58,45000
2023-07-03,Kahawa,2028.8,32000
2023-07-03,Parklands,2465.25,40000
2023-07-04,Westlands,2749.33,42000
2023-07-04,Eastleigh,3175.38,85000
2023-07-04,Karen,1827.16,28000
2023-07-04,Kilimani,2607.03,38000
2023-07-04,Kibera,3941.6,180000
2023-07-04,South B,2363.39,45000
2023-07-04,Kahawa,1608.54,32000
2023-07-04,Parklands,2490.89,40000
2023-07-05,Westlands,2909.02,42000
2023-07-05,Eastleigh,3087.79,85000
2023-07-05,Karen,2317.15,28000
2023-07-05,Kilimani,2390.93,38000
2023-07-05,Kibera,3996.23,180000
2023-07-05,South B,2456.57,45000
2023-07-05,Kahawa,1498.07,32000
2023-07-05,Parklands,2220.77,40000
2023-07-06,Westlands,2456.25,42000
2023-07-06,Eastleigh,3399.08,85000
2023-07-06,Karen,1860.38,28000
2023-07-06,Kilimani,2965.03,38000
2023-07-06,Kibera,3826.99,180000
2023-07-06,South B,2300.74,45000
2023-07-06,Kahawa,2075.79,32000
2023-07-06,Parklands,2954.77,40000
2023-07-07,Westlands,3151.56,42000
2023-07-07,Eastleigh,3376.6,85000
2023-07-07,Karen,2163.13,28000
2023-07-07,Kilimani,2569.0,38000
2023-07-07,Kibera,4077.1,180000
2023-07-07,South B,2148.36,45000
2023-07-07,Kahawa,1605.42,32000
2023-07-07,Parklands,2550.18,40000
2023-07-08,Westlands,2704.19,42000
2023-07-08,Eastleigh,3039.92,85000
2023-07-08,Karen,2091.5,28000
2023-07-08,Kilimani,2630.96,38000
2023-07-08,Kibera,3927.96,180000
2023-07-08,South B,2537.54,45000
2023-07-08,Kahawa,1536.56,32000
2023-07-08,Parklands,2504.07,40000
2023-07-09,Westlands,2588.23,42000
2023-07-09,Eastleigh,2753.91,85000
2023-07-09,Karen,1932.39,28000
2023-07-09,Kilimani,2411.9,38000
2023-07-09,Kibera,4191.9,180000
2023-07-09,South B,2363.69,45000
2023-07-09,Kahawa,1554.09,32000
2023-07-09,Parklands,2894.32,40000
2023-07-10,Westlands,2955.44,42000
2023-07-10,Eastleigh,3219.71,85000
2023-07-10,Karen,1897.7,28000
2023-07-10,Kilimani,2240.81,38000
2023-07-10,Kibera,3811.09,180000
2023-07-10,South B,2444.33,45000
2023-07-10,Kahawa,2113.44,32000
2023-07-10,Parklands,2823.83,40000
2023-07-11,Westlands,2614.24,42000
2023-07-11,Eastleigh,2879.17,85000
2023-07-11,Karen,1962.14,28000
2023-07-11,Kilimani,2076.43,38000
2023-07-11,Kibera,3932.28,180000
2023-07-11,South B,2196.55,45000
2023-07-11,Kahawa,1651.22,32000
2023-07-11,Parklands,2206.78,40000
2023-07-12,Westlands,2798.36,42000
2023-07-12,Eastleigh,2982.24,85000
2023-07-12,Karen,1702.52,28000
2023-07-12,Kilimani,1856.32,38000
2023-07-12,Kibera,3850.88,180000
2023-07-12,South B,2559.01,45000
2023-07-12,Kahawa,2055.59,32000
2023-07-12,Parklands,2418.39,40000
2023-07-13,Westlands,2574.16,42000
2023-07-13,Eastleigh,3164.2,85000
2023-07-13,Karen,1729.51,28000
2023-07-13,Kilimani,2459.65,38000
2023-07-13,Kibera,3989.85,180000
2023-07-13,South B,2445.26,45000
2023-07-13,Kahawa,1709.95,32000
2023-07-13,Parklands,2458.6,40000
2023-07-14,Westlands,2512.33,42000
2023-07-14,Eastleigh,2905.03,85000
2023-07-14,Karen,1871.23,28000
2023-07-14,Kilimani,2463.58,38000
2023-07-14,Kibera,4004.1,180000
2023-07-14,South B,2048.0,45000
2023-07-14,Kahawa,2008.92,32000
2023-07-14,Parklands,2437.06,40000
2023-07-15,Westlands,2666.95,42000
2023-07-15,Eastleigh,2910.05,85000
2023-07-15,Karen,1445.36,28000
2023-07-15,Kilimani,2553.51,38000
2023-07-15,Kibera,3956.34,180000
2023-07-15,South B,2140.39,45000
2023-07-15,Kahawa,1729.87,32000
2023-07-15,Parklands,2578.68,40000
2023-07-16,Westlands,2364.6,42000
2023-07-16,Eastleigh,2941.32,85000
2023-07-16,Karen,2052.2,28000
2023-07-16,Kilimani,2138.02,38000
2023-07-16,Kibera,3858.19,180000
2023-07-16,South B,1928.46,45000
2023-07-16,Kahawa,1799.75,32000
2023-07-16,Parklands,2464.77,40000
2023-07-17,Westlands,2346.36,42000
2023-07-17,Eastleigh,3251.92,85000
2023-07-17,Karen,1755.36,28000
2023-07-17,Kilimani,2214.66,38000
2023-07-17,Kibera,3827.07,180000
2023-07-17,South B,2396.33,45000
2023-07-17,Kahawa,1512.63,32000
2023-07-17,Parklands,2474.58,40000
2023-07-18,Westlands,2724.03,42000
2023-07-18,Eastleigh,3151.5,85000
2023-07-18,Karen,1921.22,28000
2023-07-18,Kilimani,2290.59,38000
2023-07-18,Kibera,3619.57,180000
2023-07-18,South B,2187.36,45000
2023-07-18,Kahawa,1496.71,32000
2023-07-18,Parklands,1902.76,40000
2023-07-19,Westlands,2715.97,42000
2023-07-19,Eastleigh,3180.16,85000
2023-07-19,Karen,1436.77,28000
2023-07-19,Kilimani,2161.68,38000
2023-07-19,Kibera,3879.11,180000
2023-07-19,South B,2550.59,45000
2023-07-19,Kahawa,1697.1,32000
2023-07-19,Parklands,2308.75,40000
2023-07-20,Westlands,2590.37,42000
2023-07-20,Eastleigh,3257.37,85000
2023-07-20,Karen,1753.65,28000
2023-07-20,Kilimani,2193.62,38000
2023-07-20,Kibera,3659.01,180000
2023-07-20,South B,1977.24,45000
2023-07-20,Kahawa,1710.28,32000
2023-07-20,Parklands,2741.77,40000
2023-07-21,Westlands,2675.89,42000
2023-07-21,Eastleigh,2942.03,85000
2023-07-21,Karen,1813.72,28000
2023-07-21,Kilimani,2043.25,38000
2023-07-21,Kibera,3901.46,180000
2023-07-21,South B,2133.93,45000
2023-07-21,Kahawa,1647.7,32000
2023-07-21,Parklands,3025.26,40000
2023-07-22,Westlands,2662.08,42000
2023-07-22,Eastleigh,2838.84,85000
2023-07-22,Karen,1782.38,28000
2023-07-22,Kilimani,2541.01,38000
2023-07-22,Kibera,3744.6,180000
2023-07-22,South B,1873.25,45000
2023-07-22,Kahawa,1846.72,32000
2023-07-22,Parklands,2295.89,40000
2023-07-23,Westlands,2945.0,42000
2023-07-23,Eastleigh,3168.89,85000
2023-07-23,Karen,1772.32,28000
2023-07-23,Kilimani,2556.81,38000
2023-07-23,Kibera,3723.22,180000
2023-07-23,South B,2291.83,45000
2023-07-23,Kahawa,1759.72,32000
2023-07-23,Parklands,2254.88,40000
2023-07-24,Westlands,2469.5,42000
2023-07-24,Eastleigh,3148.7,85000
2023-07-24,Karen,1787.02,28000
2023-07-24,Kilimani,2236.51,38000
2023-07-24,Kibera,3521.24,180000
2023-07-24,South B,2204.57,45000
2023-07-24,Kahawa,2045.37,32000
2023-07-24,Parklands,2206.21,40000
2023-07-25,Westlands,2584.05,42000
2023-07-25,Eastleigh,3208.31,85000
2023-07-25,Karen,1827.89,28000
2023-07-25,Kilimani,2386.56,38000
2023-07-25,Kibera,3489.37,180000
2023-07-25,South B,2197.87,45000
2023-07-25,Kahawa,1623.82,32000
2023-07-25,Parklands,2576.96,40000
2023-07-26,Westlands,2788.8,42000
2023-07-26,Eastleigh,3413.52,85000
2023-07-26,Karen,1942.69,28000
2023-07-26,Kilimani,2355.15,38000
2023-07-26,Kibera,3708.21,180000
2023-07-26,South B,2046.85,45000
2023-07-26,Kahawa,1714.79,32000
2023-07-26,Parklands,2332.89,40000
2023-07-27,Westlands,2592.83,42000
2023-07-27,Eastleigh,3169.12,85000
2023-07-27,Karen,1645.8,28000
2023-07-27,Kilimani,2496.1,38000
2023-07-27,Kibera,3901.03,180000
2023-07-27,South B,2082.89,45000
2023-07-27,Kahawa,1258.7,32000
2023-07-27,Parklands,2267.77,40000
2023-07-28,Westlands,2789.85,42000
2023-07-28,Eastleigh,2913.9,85000
2023-07-28,Karen,1641.54,28000
2023-07-28,Kilimani,2187.68,38000
2023-07-28,Kibera,3800.9,180000
2023-07-28,South B,2197.07,45000
2023-07-28,Kahawa,1597.84,32000
2023-07-28,Parklands,2304.03,40000
2023-07-29,Westlands,2473.48,42000
2023-07-29,Eastleigh,2740.56,85000
2023-07-29,Karen,2111.25,28000
2023-07-29,Kilimani,2213.46,38000
2023-07-29,Kibera,3856.51,180000
2023-07-29,South B,2366.8,45000
2023-07-29,Kahawa,1817.33,32000
2023-07-29,Parklands,2284.48,40000
2023-07-30,Westlands,2609.29,42000
2023-07-30,Eastleigh,2894.07,85000
2023-07-30,Karen,1647.83,28000
2023-07-30,Kilimani,2323.18,38000
2023-07-30,Kibera,3409.49,180000
2023-07-30,South B,2298.42,45000
2023-07-30,Kahawa,1546.22,32000
2023-07-30,Parklands,2391.44,40000
2023-07-31,Westlands,2578.83,42000
2023-07-31,Eastleigh,2842.04,85000
2023-07-31,Karen,1911.42,28000
2023-07-31,Kilimani,2171.12,38000
2023-07-31,Kibera,3768.29,180000
2023-07-31,South B,1833.3,45000
2023-07-31,Kahawa,1647.76,32000
2023-07-31,Parklands,2697.21,40000
2023-08-01,Westlands,2339.29,42000
2023-08-01,Eastleigh,2757.24,85000
2023-08-01,Karen,1891.98,28000
2023-08-01,Kilimani,2281.69,38000
2023-08-01,Kibera,3662.1,180000
2023-08-01,South B,2157.46,45000
2023-08-01,Kahawa,1733.77,32000
2023-08-01,Parklands,2539.05,40000
2023-08-02,Westlands,2584.51,42000
2023-08-02,Eastleigh,2826.45,85000
2023-08-02,Karen,1914.21,28000
2023-08-02,Kilimani,2582.73,38000
2023-08-02,Kibera,3563.36,180000
2023-08-02,South B,1887.82,45000
2023-08-02,Kahawa,1812.78,32000
2023-08-02,Parklands,2310.06,40000
2023-08-03,Westlands,2114.38,42000
2023-08-03,Eastleigh,3011.83,85000
2023-08-03,Karen,1692.01,28000
2023-08-03,Kilimani,2218.45,38000
2023-08-03,Kibera,3634.76,180000
2023-08-03,South B,2089.92,45000
2023-08-03,Kahawa,1735.77,32000
2023-08-03,Parklands,2246.17,40000
2023-08-04,Westlands,2586.1,42000
2023-08-04,Eastleigh,2804.8,85000
2023-08-04,Karen,1913.55,28000
2023-08-04,Kilimani,2337.03,38000
2023-08-04,Kibera,3397.12,180000
2023-08-04,South B,2242.7,45000
2023-08-04,Kahawa,1508.21,32000
2023-08-04,Parklands,2460.46,40000
2023-08-05,Westlands,2551.87,42000
2023-08-05,Eastleigh,3168.35,85000
2023-08-05,Karen,1736.47,28000
2023-08-05,Kilimani,2158.16,38000
2023-08-05,Kibera,3548.88,180000
2023-08-05,South B,1988.74,45000
2023-08-05,Kahawa,1740.63,32000
2023-08-05,Parklands,2021.93,40000
2023-08-06,Westlands,2292.13,42000
2023-08-06,Eastleigh,2643.73,85000
2023-08-06,Karen,1938.74,28000
2023-08-06,Kilimani,2515.98,38000
2023-08-06,Kibera,3522.49,180000
2023-08-06,South B,2006.18,45000
2023-08-06,Kahawa,1605.84,32000
2023-08-06,Parklands,2507.35,40000
2023-08-07,Westlands,2307.17,42000
2023-08-07,Eastleigh,2865.89,85000
2023-08-07,Karen,1937.0,28000
2023-08-07,Kilimani,2294.54,38000
2023-08-07,Kibera,3563.23,180000
2023-08-07,South B,2206.29,45000
2023-08-07,Kahawa,1111.31,32000
2023-08-07,Parklands,2413.99,40000
2023-08-08,Westlands,2348.02,42000
2023-08-08,Eastleigh,2492.89,85000
2023-08-08,Karen,1849.29,28000
2023-08-08,Kilimani,2440.86,38000
2023-08-08,Kibera,3494.52,180000
2023-08-08,South B,2190.9,45000
2023-08-08,Kahawa,1867.07,32000
2023-08-08,Parklands,2518.5,40000
2023-08-09,Westlands,2743.07,42000
2023-08-09,Eastleigh,2936.38,85000
2023-08-09,Karen,1767.12,28000
2023-08-09,Kilimani,1911.39,38000
2023-08-09,Kibera,3464.62,180000
2023-08-09,South B,1869.07,45000
2023-08-09,Kahawa,1959.26,32000
2023-08-09,Parklands,2249.2,40000
2023-08-10,Westlands,2469.44,42000
2023-08-10,Eastleigh,2894.02,85000
2023-08-10,Karen,1756.12,28000
2023-08-10,Kilimani,2482.0,38000
2023-08-10,Kibera,3388.12,180000
2023-08-10,South B,2044.8,45000
2023-08-10,Kahawa,1443.82,32000
2023-08-10,Parklands,2042.24,40000
2023-08-11,Westlands,2333.81,42000
2023-08-11,Eastleigh,2782.63,85000
2023-08-11,Karen,1668.34,28000
2023-08-11,Kilimani,2058.27,38000
2023-08-11,Kibera,3241.21,180000
2023-08-11,South B,1990.17,45000
2023-08-11,Kahawa,1306.56,32000
2023-08-11,Parklands,2398.62,40000
2023-08-12,Westlands,2447.44,42000
2023-08-12,Eastleigh,2527.39,85000
2023-08-12,Karen,1684.2,28000
2023-08-12,Kilimani,2041.7,38000
2023-08-12,Kibera,3531.35,180000
2023-08-12,South B,2231.59,45000
2023-08-12,Kahawa,1238.25,32000
2023-08-12,Parklands,2279.31,40000
2023-08-13,Westlands,2398.14,42000
2023-08-13,Eastleigh,2888.77,85000
2023-08-13,Karen,1769.72,28000
2023-08-13,Kilimani,2035.67,38000
2023-08-13,Kibera,3410.26,180000
2023-08-13,South B,1854.76,45000
2023-08-13,Kahawa,1745.94,32000
2023-08-13,Parklands,2256.3,40000
2023-08-14,Westlands,2747.23,42000
2023-08-14,Eastleigh,2753.82,85000
2023-08-14,Karen,1605.3,28000
2023-08-14,Kilimani,1898.09,38000
2023-08-14,Kibera,3143.85,180000
2023-08-14,South B,1713.15,45000
2023-08-14,Kahawa,1601.07,32000
2023-08-14,Parklands,2333.89,40000
2023-08-15,Westlands,2139.37,42000
2023-08-15,Eastleigh,2910.49,85000
2023-08-15,Karen,1639.47,28000
2023-08-15,Kilimani,2178.65,38000
2023-08-15,Kibera,3723.11,180000
2023-08-15,South B,2135.59,45000
2023-08-15,Kahawa,1504.16,32000
2023-08-15,Parklands,2085.97,40000
2023-08-16,Westlands,2035.24,42000
2023-08-16,Eastleigh,2624.89,85000
2023-08-16,Karen,1681.5,28000
2023-08-16,Kilimani,1977.63,38000
2023-08-16,Kibera,3412.99,180000
2023-08-16,South B,1988.63,45000
2023-08-16,Kahawa,1507.36,32000
2023-08-16,Parklands,2121.44,40000
2023-08-17,Westlands,2426.99,42000
2023-08-17,Eastleigh,2816.39,85000
2023-08-17,Karen,1526.15,28000
2023-08-17,Kilimani,2382.84,38000
2023-08-17,Kibera,3408.97,180000
2023-08-17,South B,1973.1,45000
2023-08-17,Kahawa,1662.95,32000
2023-08-17,Parklands,2266.76,40000
2023-08-18,Westlands,2554.26,42000
2023-08-18,Eastleigh,2782.13,85000
2023-08-18,Karen,1603.56,28000
2023-08-18,Kilimani,2196.97,38000
2023-08-18,Kibera,3220.99,180000
2023-08-18,South B,1982.95,45000
2023-08-18,Kahawa,1531.68,32000
2023-08-18,Parklands,2185.08,40000
2023-08-19,Westlands,2363.02,42000
2023-08-19,Eastleigh,2405.04,85000
2023-08-19,Karen,1610.04,28000
2023-08-19,Kilimani,2145.21,38000
2023-08-19,Kibera,3434.25,180000
2023-08-19,South B,1783.97,45000
2023-08-19,Kahawa,1748.77,32000
2023-08-19,Parklands,2067.01,40000
2023-08-20,Westlands,2543.21,42000
2023-08-20,Eastleigh,2790.87,85000
2023-08-20,Karen,1589.14,28000
2023-08-20,Kilimani,2425.28,38000
2023-08-20,Kibera,3195.08,180000
2023-08-20,South B,2109.93,45000
2023-08-20,Kahawa,1699.03,32000
2023-08-20,Parklands,2094.68,40000
2023-08-21,Westlands,2608.17,42000
2023-08-21,Eastleigh,2668.74,85000
2023-08-21,Karen,1743.36,28000
2023-08-21,Kilimani,2162.17,38000
2023-08-21,Kibera,3366.13,180000
2023-08-21,South B,2086.0,45000
2023-08-21,Kahawa,1659.45,32000
2023-08-21,Parklands,1906.5,40000
2023-08-22,Westlands,2586.5,42000
2023-08-22,Eastleigh,2423.11,85000
2023-08-22,Karen,1864.55,28000
2023-08-22,Kilimani,2302.98,38000
2023-08-22,Kibera,3195.71,180000
2023-08-22,South B,1874.12,45000
2023-08-22,Kahawa,1334.17,32000
2023-08-22,Parklands,2160.74,40000
2023-08-23,Westlands,2308.11,42000
2023-08-23,Eastleigh,2828.61,85000
2023-08-23,Karen,1906.62,28000
2023-08-23,Kilimani,2342.45,38000
2023-08-23,Kibera,3276.71,180000
2023-08-23,South B,1903.33,45000
2023-08-23,Kahawa,1233.38,32000
2023-08-23,Parklands,2055.61,40000
2023-08-24,Westlands,2516.38,42000
2023-08-24,Eastleigh,2962.11,85000
2023-08-24,Karen,1473.97,28000
2023-08-24,Kilimani,2002.28,38000
2023-08-24,Kibera,3358.61,180000
2023-08-24,South B,1980.87,45000
2023-08-24,Kahawa,1377.24,32000
2023-08-24,Parklands,2257.29,40000
2023-08-25,Westlands,2268.89,42000
2023-08-25,Eastleigh,2681.43,85000
2023-08-25,Karen,1769.04,28000
2023-08-25,Kilimani,2097.84,38000
2023-08-25,Kibera,3281.62,180000
2023-08-25,South B,1910.63,45000
2023-08-25,Kahawa,1494.85,32000
2023-08-25,Parklands,2118.56,40000
2023-08-26,Westlands,2299.43,42000
2023-08-26,Eastleigh,2944.93,85000
2023-08-26,Karen,1767.25,28000
2023-08-26,Kilimani,2042.29,38000
2023-08-26,Kibera,3463.4,180000
2023-08-26,South B,1868.53,45000
2023-08-26,Kahawa,1702.36,32000
2023-08-26,Parklands,2237.26,40000
2023-08-27,Westlands,2319.33,42000
2023-08-27,Eastleigh,2745.88,85000
2023-08-27,Karen,1407.21,28000
2023-08-27,Kilimani,1898.71,38000
2023-08-27,Kibera,3139.6,180000
2023-08-27,South B,1943.74,45000
2023-08-27,Kahawa,1791.75,32000
2023-08-27,Parklands,2542.8,40000
2023-08-28,Westlands,2438.16,42000
2023-08-28,Eastleigh,2748.43,85000
2023-08-28,Karen,1365.64,28000
2023-08-28,Kilimani,1991.65,38000
2023-08-28,Kibera,3200.04,180000
2023-08-28,South B,1812.06,45000
2023-08-28,Kahawa,1471.06,32000
2023-08-28,Parklands,2086.69,40000
2023-08-29,Westlands,1997.72,42000
2023-08-29,Eastleigh,2783.34,85000
2023-08-29,Karen,1483.62,28000
2023-08-29,Kilimani,2117.14,38000
2023-08-29,Kibera,3668.49,180000
2023-08-29,South B,1758.39,45000
2023-08-29,Kahawa,1075.2,32000
2023-08-29,Parklands,2112.94,40000
2023-08-30,Westlands,2504.15,42000
2023-08-30,Eastleigh,2977.98,85000
2023-08-30,Karen,1454.38,28000
2023-08-30,Kilimani,2155.21,38000
2023-08-30,Kibera,3239.38,180000
2023-08-30,South B,1889.44,45000
2023-08-30,Kahawa,1930.95,32000
2023-08-30,Parklands,1906.52,40000
2023-08-31,Westlands,2358.63,42000
2023-08-31,Eastleigh,2724.98,85000
2023-08-31,Karen,1834.41,28000
2023-08-31,Kilimani,2084.64,38000
2023-08-31,Kibera,3360.46,180000
2023-08-31,South B,1838.15,45000
2023-08-31,Kahawa,1533.8,32000
2023-08-31,Parklands,2094.38,40000
2023-09-01,Westlands,2414.49,42000
2023-09-01,Eastleigh,2581.07,85000
2023-09-01,Karen,1713.59,28000
2023-09-01,Kilimani,2059.31,38000
2023-09-01,Kibera,3488.58,180000
2023-09-01,South B,1890.53,45000
2023-09-01,Kahawa,1193.4,32000
2023-09-01,Parklands,2355.1,40000
2023-09-02,Westlands,2157.93,42000
2023-09-02,Eastleigh,2529.05,85000
2023-09-02,Karen,1549.83,28000
2023-09-02,Kilimani,2286.5,38000
2023-09-02,Kibera,2944.03,180000
2023-09-02,South B,2412.29,45000
2023-09-02,Kahawa,1657.23,32000
2023-09-02,Parklands,2179.18,40000
2023-09-03,Westlands,2293.66,42000
2023-09-03,Eastleigh,2678.61,85000
2023-09-03,Karen,1730.49,28000
2023-09-03,Kilimani,2162.09,38000
2023-09-03,Kibera,3380.94,180000
2023-09-03,South B,1906.23,45000
2023-09-03,Kahawa,1447.84,32000
2023-09-03,Parklands,2113.33,40000
2023-09-04,Westlands,2266.33,42000
2023-09-04,Eastleigh,2812.79,85000
2023-09-04,Karen,1739.11,28000
2023-09-04,Kilimani,1569.37,38000
2023-09-04,Kibera,3391.01,180000
2023-09-04,South B,1919.88,45000
2023-09-04,Kahawa,1474.43,32000
2023-09-04,Parklands,2070.38,40000
2023-09-05,Westlands,2478.32,42000
2023-09-05,Eastleigh,2777.12,85000
2023-09-05,Karen,1512.01,28000
2023-09-05,Kilimani,2115.02,38000
2023-09-05,Kibera,3118.09,180000
2023-09-05,South B,1658.38,45000
2023-09-05,Kahawa,1372.09,32000
2023-09-05,Parklands,2271.57,40000
2023-09-06,Westlands,2445.97,42000
2023-09-06,Eastleigh,2701.14,85000
2023-09-06,Karen,1754.37,28000
2023-09-06,Kilimani,2129.13,38000
2023-09-06,Kibera,3166.59,180000
2023-09-06,South B,1951.77,45000
2023-09-06,Kahawa,1603.11,32000
2023-09-06,Parklands,2249.87,40000
2023-09-07,Westlands,2480.3,42000
2023-09-07,Eastleigh,2728.41,85000
2023-09-07,Karen,1690.36,28000
2023-09-07,Kilimani,2215.96,38000
2023-09-07,Kibera,3261.6,180000
2023-09-07,South B,1733.9,45000
2023-09-07,Kahawa,1443.04,32000
2023-09-07,Parklands,2001.22,40000
2023-09-08,Westlands,2172.32,42000
2023-09-08,Eastleigh,2584.89,85000
2023-09-08,Karen,1501.1,28000
2023-09-08,Kilimani,1987.65,38000
2023-09-08,Kibera,2951.85,180000
2023-09-08,South B,1909.6,45000
2023-09-08,Kahawa,1467.45,32000
2023-09-08,Parklands,1986.16,40000
2023-09-09,Westlands,2386.1,42000
2023-09-09,Eastleigh,2756.95,85000
2023-09-09,Karen,1366.05,28000
2023-09-09,Kilimani,1910.49,38000
2023-09-09,Kibera,3130.23,180000
2023-09-09,South B,1718.88,45000
2023-09-09,Kahawa,1599.95,32000
2023-09-09,Parklands,2084.47,40000
2023-09-10,Westlands,2232.36,42000
2023-09-10,Eastleigh,2274.72,85000
2023-09-10,Karen,1728.52,28000
2023-09-10,Kilimani,1830.15,38000
2023-09-10,Kibera,3260.24,180000
2023-09-10,South B,1914.12,45000
2023-09-10,Kahawa,1683.86,32000
2023-09-10,Parklands,1900.11,40000
2023-09-11,Westlands,1782.02,42000
2023-09-11,Eastleigh,2626.47,85000
2023-09-11,Karen,1915.1,28000
2023-09-11,Kilimani,2229.69,38000
2023-09-11,Kibera,3279.82,180000
2023-09-11,South B,1786.54,45000
2023-09-11,Kahawa,1591.59,32000
2023-09-11,Parklands,1951.77,40000
2023-09-12,Westlands,2346.12,42000
2023-09-12,Eastleigh,2674.97,85000
2023-09-12,Karen,1792.48,28000
2023-09-12,Kilimani,2473.06,38000
2023-09-12,Kibera,3304.91,180000
2023-09-12,South B,1781.27,45000
2023-09-12,Kahawa,1454.45,32000
2023-09-12,Parklands,1820.15,40000
2023-09-13,Westlands,2153.5,42000
2023-09-13,Eastleigh,2523.4,85000
2023-09-13,Karen,1533.7,28000
2023-09-13,Kilimani,2047.82,38000
2023-09-13,Kibera,3103.94,180000
2023-09-13,South B,2042.75,45000
2023-09-13,Kahawa,1456.71,32000
2023-09-13,Parklands,2102.58,40000
2023-09-14,Westlands,2210.11,42000
2023-09-14,Eastleigh,2611.51,85000
2023-09-14,Karen,1749.89,28000
2023-09-14,Kilimani,1880.47,38000
2023-09-14,Kibera,3126.64,180000
2023-09-14,South B,1809.89,45000
2023-09-14,Kahawa,1237.3,32000
2023-09-14,Parklands,1969.03,40000
2023-09-15,Westlands,2183.57,42000
2023-09-15,Eastleigh,2724.56,85000
2023-09-15,Karen,1657.01,28000
2023-09-15,Kilimani,2049.52,38000
2023-09-15,Kibera,3366.61,180000
2023-09-15,South B,1834.62,45000
2023-09-15,Kahawa,1516.2,32000
2023-09-15,Parklands,2082.33,40000
2023-09-16,Westlands,2300.75,42000
2023-09-16,Eastleigh,2486.53,85000
2023-09-16,Karen,1219.49,28000
2023-09-16,Kilimani,1994.37,38000
2023-09-16,Kibera,3455.11,180000
2023-09-16,South B,2004.13,45000
2023-09-16,Kahawa,1607.24,32000
2023-09-16,Parklands,2296.04,40000
2023-09-17,Westlands,2269.9,42000
2023-09-17,Eastleigh,2609.63,85000
2023-09-17,Karen,1511.64,28000
2023-09-17,Kilimani,1963.02,38000
2023-09-17,Kibera,3321.52,180000
2023-09-17,South B,2046.79,45000
2023-09-17,Kahawa,1427.57,32000
2023-09-17,Parklands,2021.97,40000
2023-09-18,Westlands,2253.52,42000
2023-09-18,Eastleigh,2672.12,85000
2023-09-18,Karen,1377.19,28000
2023-09-18,Kilimani,1642.4,38000
2023-09-18,Kibera,3130.58,180000
2023-09-18,South B,1654.55,45000
2023-09-18,Kahawa,1366.85,32000
2023-09-18,Parklands,2068.69,40000
2023-09-19,Westlands,2178.53,42000
2023-09-19,Eastleigh,2806.63,85000
2023-09-19,Karen,1660.7,28000
2023-09-19,Kilimani,2058.51,38000
2023-09-19,Kibera,3316.37,180000
2023-09-19,South B,1666.24,45000
2023-09-19,Kahawa,1614.44,32000
2023-09-19,Parklands,2078.42,40000
2023-09-20,Westlands,2357.3,42000
2023-09-20,Eastleigh,2398.7,85000
2023-09-20,Karen,1357.17,28000
2023-09-20,Kilimani,2139.96,38000
2023-09-20,Kibera,3274.14,180000
2023-09-20,South B,1702.91,45000
2023-09-20,Kahawa,1306.41,32000
2023-09-20,Parklands,2269.72,40000
2023-09-21,Westlands,2056.89,42000
2023-09-21,Eastleigh,2832.74,85000
2023-09-21,Karen,1461.02,28000
2023-09-21,Kilimani,2109.53,38000
2023-09-21,Kibera,3158.48,180000
2023-09-21,South B,1943.31,45000
2023-09-21,Kahawa,1357.69,32000
2023-09-21,Parklands,2061.17,40000
2023-09-22,Westlands,2252.91,42000
2023-09-22,Eastleigh,2406.44,85000
2023-09-22,Karen,1723.4,28000
2023-09-22,Kilimani,1923.31,38000
2023-09-22,Kibera,3172.38,180000
2023-09-22,South B,1685.66,45000
2023-09-22,Kahawa,1032.94,32000
2023-09-22,Parklands,2055.24,40000
2023-09-23,Westlands,2631.85,42000
2023-09-23,Eastleigh,2691.5,85000
2023-09-23,Karen,1600.47,28000
2023-09-23,Kilimani,1962.29,38000
2023-09-23,Kibera,3210.71,180000
2023-09-23,South B,1931.82,45000
2023-09-23,Kahawa,1253.85,32000
2023-09-23,Parklands,2263.31,40000
2023-09-24,Westlands,2358.43,42000
2023-09-24,Eastleigh,2679.42,85000
2023-09-24,Karen,1672.97,28000
2023-09-24,Kilimani,2006.52,38000
2023-09-24,Kibera,3313.23,180000
2023-09-24,South B,1937.95,45000
2023-09-24,Kahawa,1385.69,32000
2023-09-24,Parklands,1991.58,40000
2023-09-25,Westlands,2259.06,42000
2023-09-25,Eastleigh,2811.28,85000
2023-09-25,Karen,1403.46,28000
2023-09-25,Kilimani,1767.36,38000
2023-09-25,Kibera,3230.31,180000
2023-09-25,South B,1850.4,45000
2023-09-25,Kahawa,1469.53,32000
2023-09-25,Parklands,2121.63,40000
2023-09-26,Westlands,2206.13,42000
2023-09-26,Eastleigh,2800.72,85000
2023-09-26,Karen,1344.98,28000
2023-09-26,Kilimani,1869.0,38000
2023-09-26,Kibera,3186.14,180000
2023-09-26,South B,1578.41,45000
2023-09-26,Kahawa,1413.04,32000
2023-09-26,Parklands,2347.79,40000
2023-09-27,Westlands,2244.51,42000
2023-09-27,Eastleigh,2598.26,85000
2023-09-27,Karen,1399.1,28000
2023-09-27,Kilimani,1902.37,38000
2023-09-27,Kibera,3141.6,180000
2023-09-27,South B,1790.1,45000
2023-09-27,Kahawa,1645.92,32000
2023-09-27,Parklands,2170.36,40000
2023-09-28,Westlands,2062.74,42000
2023-09-28,Eastleigh,2600.17,85000
2023-09-28,Karen,1680.19,28000
2023-09-28,Kilimani,2183.04,38000
2023-09-28,Kibera,3453.85,180000
2023-09-28,South B,1678.05,45000
2023-09-28,Kahawa,1310.63,32000
2023-09-28,Parklands,1879.31,40000
2023-09-29,Westlands,2202.81,42000
2023-09-29,Eastleigh,2634.92,85000
2023-09-29,Karen,1758.17,28000
2023-09-29,Kilimani,1988.07,38000
2023-09-29,Kibera,3149.18,180000
2023-09-29,South B,1864.49,45000
2023-09-29,Kahawa,1306.53,32000
2023-09-29,Parklands,2414.6,40000
2023-09-30,Westlands,1982.82,42000
2023-09-30,Eastleigh,2589.61,85000
2023-09-30,Karen,1923.82,28000
2023-09-30,Kilimani,2001.13,38000
2023-09-30,Kibera,3169.66,180000
2023-09-30,South B,1782.85,45000
2023-09-30,Kahawa,1411.17,32000
2023-09-30,Parklands,2299.7,40000
2023-10-01,Westlands,1886.11,42000
2023-10-01,Eastleigh,2805.36,85000
2023-10-01,Karen,1372.17,28000
2023-10-01,Kilimani,1957.34,38000
2023-10-01,Kibera,3131.33,180000
2023-10-01,South B,1934.17,45000
2023-10-01,Kahawa,1184.3,32000
2023-10-01,Parklands,2153.95,40000
2023-10-02,Westlands,2564.04,42000
2023-10-02,Eastleigh,2342.03,85000
2023-10-02,Karen,1630.45,28000
2023-10-02,Kilimani,1894.19,38000
2023-10-02,Kibera,3268.33,180000
2023-10-02,South B,1843.17,45000
2023-10-02,Kahawa,1337.44,32000
2023-10-02,Parklands,2158.18,40000
2023-10-03,Westlands,2529.17,42000
2023-10-03,Eastleigh,2529.93,85000
2023-10-03,Karen,1715.48,28000
2023-10-03,Kilimani,1793.41,38000
2023-10-03,Kibera,3047.54,180000
2023-10-03,South B,1915.94,45000
2023-10-03,Kahawa,1677.77,32000
2023-10-03,Parklands,2137.3,40000
2023-10-04,Westlands,2190.77,42000
2023-10-04,Eastleigh,2560.89,85000
2023-10-04,Karen,1400.48,28000
2023-10-04,Kilimani,2097.54,38000
2023-10-04,Kibera,3342.48,180000
2023-10-04,South B,1768.36,45000
2023-10-04,Kahawa,1365.33,32000
2023-10-04,Parklands,2123.37,40000
2023-10-05,Westlands,2171.58,42000
2023-10-05,Eastleigh,2551.12,85000
2023-10-05,Karen,1937.25,28000
2023-10-05,Kilimani,1961.79,38000
2023-10-05,Kibera,3144.77,180000
2023-10-05,South B,1737.55,45000
2023-10-05,Kahawa,1560.11,32000
2023-10-05,Parklands,2052.38,40000
2023-10-06,Westlands,2138.28,42000
2023-10-06,Eastleigh,2774.24,85000
2023-10-06,Karen,1829.0,28000
2023-10-06,Kilimani,1905.87,38000
2023-10-06,Kibera,2904.31,180000
2023-10-06,South B,2003.24,45000
2023-10-06,Kahawa,1331.82,32000
2023-10-06,Parklands,2208.75,40000
2023-10-07,Westlands,1927.57,42000
2023-10-07,Eastleigh,2706.72,85000
2023-10-07,Karen,1408.25,28000
2023-10-07,Kilimani,2119.98,38000
2023-10-07,Kibera,3206.91,180000
2023-10-07,South B,1689.81,45000
2023-10-07,Kahawa,1376.86,32000
2023-10-07,Parklands,2192.98,40000
2023-10-08,Westlands,2261.33,42000
2023-10-08,Eastleigh,2658.67,85000
2023-10-08,Karen,1919.96,28000
2023-10-08,Kilimani,1753.12,38000
2023-10-08,Kibera,3465.48,180000
2023-10-08,South B,1860.31,45000
2023-10-08,Kahawa,1298.71,32000
2023-10-08,Parklands,1870.78,40000
2023-10-09,Westlands,2215.3,42000
2023-10-09,Eastleigh,2714.28,85000
2023-10-09,Karen,1583.57,28000
2023-10-09,Kilimani,2247.43,38000
2023-10-09,Kibera,2975.28,180000
2023-10-09,South B,1842.69,45000
2023-10-09,Kahawa,1242.74,32000
2023-10-09,Parklands,2143.56,40000
2023-10-10,Westlands,2389.44,42000
2023-10-10,Eastleigh,2500.56,85000
2023-10-10,Karen,1187.07,28000
2023-10-10,Kilimani,2038.26,38000
2023-10-10,Kibera,3280.22,180000
2023-10-10,South B,1910.71,45000
2023-10-10,Kahawa,1642.9,32000
2023-10-10,Parklands,1914.67,40000
2023-10-11,Westlands,2357.95,42000
2023-10-11,Eastleigh,2761.48,85000
2023-10-11,Karen,1320.53,28000
2023-10-11,Kilimani,2059.11,38000
2023-10-11,Kibera,3131.44,180000
2023-10-11,South B,1834.05,45000
2023-10-11,Kahawa,1501.43,32000
2023-10-11,Parklands,2009.81,40000
2023-10-12,Westlands,2141.85,42000
2023-10-12,Eastleigh,2577.45,85000
2023-10-12,Karen,1432.71,28000
2023-10-12,Kilimani,1834.8,38000
2023-10-12,Kibera,3324.16,180000
2023-10-12,South B,1663.93,45000
2023-10-12,Kahawa,1553.84,32000
2023-10-12,Parklands,2164.08,40000
2023-10-13,Westlands,1974.75,42000
2023-10-13,Eastleigh,2465.17,85000
2023-10-13,Karen,1800.98,28000
2023-10-13,Kilimani,1853.22,38000
2023-10-13,Kibera,3143.01,180000
2023-10-13,South B,1924.53,45000
2023-10-13,Kahawa,1574.01,32000
2023-10-13,Parklands,2051.05,40000
2023-10-14,Westlands,2158.28,42000
2023-10-14,Eastleigh,2805.63,85000
2023-10-14,Karen,1890.39,28000
2023-10-14,Kilimani,2170.58,38000
2023-10-14,Kibera,3234.46,180000
2023-10-14,South B,1721.75,45000
2023-10-14,Kahawa,1315.59,32000
2023-10-14,Parklands,2177.61,40000
2023-10-15,Westlands,2324.21,42000
2023-10-15,Eastleigh,2805.09,85000
2023-10-15,Karen,1716.83,28000
2023-10-15,Kilimani,1772.68,38000
2023-10-15,Kibera,3393.52,180000
2023-10-15,South B,1692.89,45000
2023-10-15,Kahawa,1388.88,32000
2023-10-15,Parklands,2135.9,40000
2023-10-16,Westlands,2581.23,42000
2023-10-16,Eastleigh,3083.78,85000
2023-10-16,Karen,1711.61,28000
2023-10-16,Kilimani,1987.57,38000
2023-10-16,Kibera,3313.66,180000
2023-10-16,South B,1999.0,45000
2023-10-16,Kahawa,1400.59,32000
2023-10-16,Parklands,2387.51,40000
2023-10-17,Westlands,2298.94,42000
2023-10-17,Eastleigh,2665.29,85000
2023-10-17,Karen,1723.13,28000
2023-10-17,Kilimani,2087.54,38000
2023-10-17,Kibera,3366.63,180000
2023-10-17,South B,1758.16,45000
2023-10-17,Kahawa,1363.8,32000
2023-10-17,Parklands,1922.48,40000
2023-10-18,Westlands,2335.6,42000
2023-10-18,Eastleigh,2714.0,85000
2023-10-18,Karen,1691.55,28000
2023-10-18,Kilimani,2292.73,38000
2023-10-18,Kibera,3234.11,180000
2023-10-18,South B,1968.3,45000
2023-10-18,Kahawa,1279.17,32000
2023-10-18,Parklands,2040.14,40000
2023-10-19,Westlands,2380.06,42000
2023-10-19,Eastleigh,2728.84,85000
2023-10-19,Karen,1571.97,28000
2023-10-19,Kilimani,2012.88,38000
2023-10-19,Kibera,2993.32,180000
2023-10-19,South B,1804.69,45000
2023-10-19,Kahawa,1601.82,32000
2023-10-19,Parklands,2198.61,40000
2023-10-20,Westlands,2351.66,42000
2023-10-20,Eastleigh,2602.89,85000
2023-10-20,Karen,1622.91,28000
2023-10-20,Kilimani,1920.11,38000
2023-10-20,Kibera,3356.86,180000
2023-10-20,South B,1933.3,45000
2023-10-20,Kahawa,1539.38,32000
2023-10-20,Parklands,2022.98,40000
2023-10-21,Westlands,1923.97,42000
2023-10-21,Eastleigh,2776.68,85000
2023-10-21,Karen,1546.29,28000
2023-10-21,Kilimani,1889.95,38000
2023-10-21,Kibera,3360.74,180000
2023-10-21,South B,1804.0,45000
2023-10-21,Kahawa,1633.79,32000
2023-10-21,Parklands,2211.48,40000
2023-10-22,Westlands,2388.23,42000
2023-10-22,Eastleigh,2380.18,85000
2023-10-22,Karen,1823.58,28000
2023-10-22,Kilimani,2075.57,38000
2023-10-22,Kibera,3192.87,180000
2023-10-22,South B,1893.76,45000
2023-10-22,Kahawa,1174.92,32000
2023-10-22,Parklands,2180.87,40000
2023-10-23,Westlands,2112.89,42000
2023-10-23,Eastleigh,2386.03,85000
2023-10-23,Karen,1380.99,28000
2023-10-23,Kilimani,2217.48,38000
2023-10-23,Kibera,3155.46,180000
2023-10-23,South B,2123.17,45000
2023-10-23,Kahawa,1378.8,32000
2023-10-23,Parklands,1839.55,40000
2023-10-24,Westlands,2102.08,42000
2023-10-24,Eastleigh,2812.21,85000
2023-10-24,Karen,1606.17,28000
2023-10-24,Kilimani,1950.06,38000
2023-10-24,Kibera,3289.33,180000
2023-10-24,South B,1958.22,45000
2023-10-24,Kahawa,1650.77,32000
2023-10-24,Parklands,2357.43,40000
2023-10-25,Westlands,2229.29,42000
2023-10-25,Eastleigh,2398.24,85000
2023-10-25,Karen,1566.77,28000
2023-10-25,Kilimani,2085.47,38000
2023-10-25,Kibera,3111.19,180000
2023-10-25,South B,1723.07,45000
2023-10-25,Kahawa,1527.1,32000
2023-10-25,Parklands,2116.7,40000
2023-10-26,Westlands,2297.44,42000
2023-10-26,Eastleigh,2495.33,85000
2023-10-26,Karen,1599.47,28000
2023-10-26,Kilimani,1895.18,38000
2023-10-26,Kibera,3420.13,180000
2023-10-26,South B,2052.26,45000
2023-10-26,Kahawa,1171.22,32000
2023-10-26,Parklands,1976.17,40000
2023-10-27,Westlands,2050.75,42000
2023-10-27,Eastleigh,2517.62,85000
2023-10-27,Karen,1626.46,28000
2023-10-27,Kilimani,1812.42,38000
2023-10-27,Kibera,3129.1,180000
2023-10-27,South B,1721.51,45000
2023-10-27,Kahawa,1510.13,32000
2023-10-27,Parklands,2143.57,40000
2023-10-28,Westlands,2181.89,42000
2023-10-28,Eastleigh,2658.19,85000
2023-10-28,Karen,1553.38,28000
2023-10-28,Kilimani,2009.37,38000
2023-10-28,Kibera,3561.4,180000
2023-10-28,South B,2109.95,45000
2023-10-28,Kahawa,1265.34,32000
2023-10-28,Parklands,2272.51,40000
2023-10-29,Westlands,2438.51,42000
2023-10-29,Eastleigh,2445.15,85000
2023-10-29,Karen,1781.17,28000
2023-10-29,Kilimani,2311.17,38000
2023-10-29,Kibera,3107.93,180000
2023-10-29,South B,1742.27,45000
2023-10-29,Kahawa,1649.28,32000
2023-10-29,Parklands,2184.98,40000
2023-10-30,Westlands,2400.47,42000
2023-10-30,Eastleigh,2695.61,85000
2023-10-30,Karen,1714.09,28000
2023-10-30,Kilimani,1843.23,38000
2023-10-30,Kibera,3472.06,180000
2023-10-30,South B,2090.03,45000
2023-10-30,Kahawa,1446.84,32000
2023-10-30,Parklands,2137.36,40000
2023-10-31,Westlands,2061.13,42000
2023-10-31,Eastleigh,2729.84,85000
2023-10-31,Karen,1747.58,28000
2023-10-31,Kilimani,2055.99,38000
2023-10-31,Kibera,3491.89,180000
2023-10-31,South B,1845.75,45000
2023-10-31,Kahawa,1581.05,32000
2023-10-31,Parklands,1980.37,40000
2023-11-01,Westlands,2315.19,42000
2023-11-01,Eastleigh,2621.51,85000
2023-11-01,Karen,1693.82,28000
2023-11-01,Kilimani,2009.41,38000
2023-11-01,Kibera,3291.21,180000
2023-11-01,South B,2041.8,45000
2023-11-01,Kahawa,1418.5,32000
2023-11-01,Parklands,1887.31,40000
2023-11-02,Westlands,2614.55,42000
2023-11-02,Eastleigh,2885.45,85000
2023-11-02,Karen,1445.55,28000
2023-11-02,Kilimani,2189.59,38000
2023-11-02,Kibera,3236.65,180000
2023-11-02,South B,1952.82,45000
2023-11-02,Kahawa,1542.91,32000
2023-11-02,Parklands,2119.18,40000
2023-11-03,Westlands,2198.85,42000
2023-11-03,Eastleigh,2547.12,85000
2023-11-03,Karen,1511.32,28000
2023-11-03,Kilimani,1941.3,38000
2023-11-03,Kibera,3316.33,180000
2023-11-03,South B,1794.23,45000
2023-11-03,Kahawa,1610.85,32000
2023-11-03,Parklands,2410.32,40000
2023-11-04,Westlands,2237.82,42000
2023-11-04,Eastleigh,2707.97,85000
2023-11-04,Karen,1750.86,28000
2023-11-04,Kilimani,2163.12,38000
2023-11-04,Kibera,3347.73,180000
2023-11-04,South B,2041.51,45000
2023-11-04,Kahawa,1581.2,32000
2023-11-04,Parklands,1961.41,40000
2023-11-05,Westlands,2485.24,42000
2023-11-05,Eastleigh,2822.56,85000
2023-11-05,Karen,1543.83,28000
2023-11-05,Kilimani,2095.6,38000
2023-11-05,Kibera,3457.03,180000
2023-11-05,South B,1887.14,45000
2023-11-05,Kahawa,1683.61,32000
2023-11-05,Parklands,2567.93,40000
2023-11-06,Westlands,2213.86,42000
2023-11-06,Eastleigh,2449.24,85000
2023-11-06,Karen,1726.29,28000
2023-11-06,Kilimani,2215.12,38000
2023-11-06,Kibera,3312.09,180000
2023-11-06,South B,2170.17,45000
2023-11-06,Kahawa,1283.58,32000
2023-11-06,Parklands,2294.09,40000
2023-11-07,Westlands,2249.49,42000
2023-11-07,Eastleigh,2975.89,85000
2023-11-07,Karen,2014.09,28000
2023-11-07,Kilimani,1970.56,38000
2023-11-07,Kibera,3266.62,180000
2023-11-07,South B,2075.74,45000
2023-11-07,Kahawa,1446.49,32000
2023-11-07,Parklands,2175.67,40000
2023-11-08,Westlands,2361.34,42000
2023-11-08,Eastleigh,2370.59,85000
2023-11-08,Karen,1681.29,28000
2023-11-08,Kilimani,1988.4,38000
2023-11-08,Kibera,3284.22,180000
2023-11-08,South B,2179.22,45000
2023-11-08,Kahawa,1303.71,32000
2023-11-08,Parklands,2325.62,40000
2023-11-09,Westlands,2315.95,42000
2023-11-09,Eastleigh,2653.39,85000
2023-11-09,Karen,1821.29,28000
2023-11-09,Kilimani,2167.25,38000
2023-11-09,Kibera,3472.08,180000
2023-11-09,South B,2104.48,45000
2023-11-09,Kahawa,1463.17,32000
2023-11-09,Parklands,2090.91,40000
2023-11-10,Westlands,2185.49,42000
2023-11-10,Eastleigh,2567.9,85000
2023-11-10,Karen,2191.29,28000
2023-11-10,Kilimani,2325.92,38000
2023-11-10,Kibera,3155.83,180000
2023-11-10,South B,1722.28,45000
2023-11-10,Kahawa,1604.55,32000
2023-11-10,Parklands,2292.51,40000
2023-11-11,Westlands,2468.48,42000
2023-11-11,Eastleigh,2671.43,85000
2023-11-11,Karen,1675.39,28000
2023-11-11,Kilimani,2176.48,38000
2023-11-11,Kibera,3407.93,180000
2023-11-11,South B,1574.64,45000
2023-11-11,Kahawa,1488.02,32000
2023-11-11,Parklands,2061.22,40000
2023-11-12,Westlands,2411.5,42000
2023-11-12,Eastleigh,3229.79,85000
2023-11-12,Karen,1763.73,28000
2023-11-12,Kilimani,2073.18,38000
2023-11-12,Kibera,3559.24,180000
2023-11-12,South B,2038.51,45000
2023-11-12,Kahawa,1602.56,32000
2023-11-12,Parklands,2314.81,40000
2023-11-13,Westlands,2738.98,42000
2023-11-13,Eastleigh,2536.42,85000
2023-11-13,Karen,1786.63,28000
2023-11-13,Kilimani,1974.27,38000
2023-11-13,Kibera,3506.43,180000
2023-11-13,South B,1805.0,45000
2023-11-13,Kahawa,1464.05,32000
2023-11-13,Parklands,2167.25,40000
2023-11-14,Westlands,2561.68,42000
2023-11-14,Eastleigh,2893.97,85000
2023-11-14,Karen,1497.46,28000
2023-11-14,Kilimani,2147.57,38000
2023-11-14,Kibera,3299.71,180000
2023-11-14,South B,1751.85,45000
2023-11-14,Kahawa,1502.37,32000
2023-11-14,Parklands,2170.94,40000
2023-11-15,Westlands,2817.74,42000
2023-11-15,Eastleigh,2818.81,85000
2023-11-15,Karen,1479.03,28000
2023-11-15,Kilimani,2047.29,38000
2023-11-15,Kibera,3605.88,180000
2023-11-15,South B,2330.88,45000
2023-11-15,Kahawa,1271.75,32000
2023-11-15,Parklands,1907.47,40000
2023-11-16,Westlands,2730.15,42000
2023-11-16,Eastleigh,2819.37,85000
2023-11-16,Karen,1570.85,28000
2023-11-16,Kilimani,2242.24,38000
2023-11-16,Kibera,2987.03,180000
2023-11-16,South B,1978.83,45000
2023-11-16,Kahawa,1604.59,32000
2023-11-16,Parklands,2395.28,40000
2023-11-17,Westlands,2240.34,42000
2023-11-17,Eastleigh,2775.07,85000
2023-11-17,Karen,1565.53,28000
2023-11-17,Kilimani,2200.53,38000
2023-11-17,Kibera,3295.89,180000
2023-11-17,South B,1913.55,45000
2023-11-17,Kahawa,1380.87,32000
2023-11-17,Parklands,2355.07,40000
2023-11-18,Westlands,2570.84,42000
2023-11-18,Eastleigh,2727.76,85000
2023-11-18,Karen,1736.84,28000
2023-11-18,Kilimani,1912.14,38000
2023-11-18,Kibera,3408.59,180000
2023-11-18,South B,1981.07,45000
2023-11-18,Kahawa,2010.66,32000
2023-11-18,Parklands,2056.89,40000
2023-11-19,Westlands,2683.57,42000
2023-11-19,Eastleigh,2949.54,85000
2023-11-19,Karen,1784.05,28000
2023-11-19,Kilimani,2474.36,38000
2023-11-19,Kibera,3535.27,180000
2023-11-19,South B,2063.18,45000
2023-11-19,Kahawa,1552.59,32000
2023-11-19,Parklands,2468.28,40000
2023-11-20,Westlands,2627.61,42000
2023-11-20,Eastleigh,2675.97,85000
2023-11-20,Karen,1510.93,28000
2023-11-20,Kilimani,2140.36,38000
2023-11-20,Kibera,3341.85,180000
2023-11-20,South B,1990.57,45000
2023-11-20,Kahawa,1781.88,32000
2023-11-20,Parklands,2183.12,40000
2023-11-21,Westlands,2436.68,42000
2023-11-21,Eastleigh,2803.45,85000
2023-11-21,Karen,1893.95,28000
2023-11-21,Kilimani,1790.02,38000
2023-11-21,Kibera,3385.73,180000
2023-11-21,South B,2044.59,45000
2023-11-21,Kahawa,1780.76,32000
2023-11-21,Parklands,2183.7,40000
2023-11-22,Westlands,2123.04,42000
2023-11-22,Eastleigh,2910.41,85000
2023-11-22,Karen,1639.92,28000
2023-11-22,Kilimani,1980.64,38000
2023-11-22,Kibera,3393.03,180000
2023-11-22,South B,1981.54,45000
2023-11-22,Kahawa,1470.16,32000
2023-11-22,Parklands,1890.3,40000
2023-11-23,Westlands,2616.83,42000
2023-11-23,Eastleigh,3034.52,85000
2023-11-23,Karen,1871.06,28000
2023-11-23,Kilimani,1995.91,38000
2023-11-23,Kibera,3477.82,180000
2023-11-23,South B,2018.96,45000
2023-11-23,Kahawa,1686.13,32000
2023-11-23,Parklands,2400.99,40000
2023-11-24,Westlands,2337.58,42000
2023-11-24,Eastleigh,2833.82,85000
2023-11-24,Karen,1842.69,28000
2023-11-24,Kilimani,2459.17,38000
2023-11-24,Kibera,3648.36,180000
2023-11-24,South B,2165.47,45000
2023-11-24,Kahawa,1600.67,32000
2023-11-24,Parklands,2539.28,40000
2023-11-25,Westlands,2547.18,42000
2023-11-25,Eastleigh,2676.08,85000
2023-11-25,Karen,2015.75,28000
2023-11-25,Kilimani,2332.97,38000
2023-11-25,Kibera,3457.04,180000
2023-11-25,South B,1948.07,45000
2023-11-25,Kahawa,1643.34,32000
2023-11-25,Parklands,2379.86,40000
2023-11-26,Westlands,2517.63,42000
2023-11-26,Eastleigh,2892.52,85000
2023-11-26,Karen,2074.78,28000
2023-11-26,Kilimani,2406.67,38000
2023-11-26,Kibera,3580.44,180000
2023-11-26,South B,2206.24,45000
2023-11-26,Kahawa,1412.89,32000
2023-11-26,Parklands,2375.88,40000
2023-11-27,Westlands,2812.52,42000
2023-11-27,Eastleigh,2807.65,85000
2023-11-27,Karen,1628.23,28000
2023-11-27,Kilimani,2107.77,38000
2023-11-27,Kibera,3364.2,180000
2023-11-27,South B,1906.27,45000
2023-11-27,Kahawa,1535.21,32000
2023-11-27,Parklands,2062.68,40000
2023-11-28,Westlands,2501.5,42000
2023-11-28,Eastleigh,3016.71,85000
2023-11-28,Karen,1622.78,28000
2023-11-28,Kilimani,2502.16,38000
2023-11-28,Kibera,3660.76,180000
2023-11-28,South B,2236.46,45000
2023-11-28,Kahawa,1488.91,32000
2023-11-28,Parklands,2472.75,40000
2023-11-29,Westlands,2311.36,42000
2023-11-29,Eastleigh,3024.42,85000
2023-11-29,Karen,1821.4,28000
2023-11-29,Kilimani,2337.36,38000
2023-11-29,Kibera,3370.76,180000
2023-11-29,South B,1898.95,45000
2023-11-29,Kahawa,1718.51,32000
2023-11-29,Parklands,2158.01,40000
2023-11-30,Westlands,2598.36,42000
2023-11-30,Eastleigh,2628.84,85000
2023-11-30,Karen,1948.91,28000
2023-11-30,Kilimani,2024.24,38000
2023-11-30,Kibera,3692.29,180000
2023-11-30,South B,2178.41,45000
2023-11-30,Kahawa,1491.7,32000
2023-11-30,Parklands,2440.05,40000
2023-12-01,Westlands,2570.43,42000
2023-12-01,Eastleigh,2786.86,85000
2023-12-01,Karen,1620.7,28000
2023-12-01,Kilimani,1899.35,38000
2023-12-01,Kibera,3668.0,180000
2023-12-01,South B,1790.81,45000
2023-12-01,Kahawa,1639.43,32000
2023-12-01,Parklands,2295.75,40000
2023-12-02,Westlands,2654.73,42000
2023-12-02,Eastleigh,2838.99,85000
2023-12-02,Karen,1748.93,28000
2023-12-02,Kilimani,2392.99,38000
2023-12-02,Kibera,3677.61,180000
2023-12-02,South B,2136.96,45000
2023-12-02,Kahawa,1712.52,32000
2023-12-02,Parklands,2073.35,40000
2023-12-03,Westlands,2677.74,42000
2023-12-03,Eastleigh,3014.47,85000
2023-12-03,Karen,1630.09,28000
2023-12-03,Kilimani,2223.93,38000
2023-12-03,Kibera,3622.03,180000
2023-12-03,South B,2062.36,45000
2023-12-03,Kahawa,1693.7,32000
2023-12-03,Parklands,2618.69,40000
2023-12-04,Westlands,2745.95,42000
2023-12-04,Eastleigh,2674.22,85000
2023-12-04,Karen,1933.97,28000
2023-12-04,Kilimani,2517.85,38000
2023-12-04,Kibera,3711.84,180000
2023-12-04,South B,2292.45,45000
2023-12-04,Kahawa,2005.01,32000
2023-12-04,Parklands,2553.31,40000
2023-12-05,Westlands,2603.19,42000
2023-12-05,Eastleigh,3113.95,85000
2023-12-05,Karen,1853.36,28000
2023-12-05,Kilimani,2287.98,38000
2023-12-05,Kibera,3589.58,180000
2023-12-05,South B,2386.54,45000
2023-12-05,Kahawa,1494.68,32000
2023-12-05,Parklands,2654.9,40000
2023-12-06,Westlands,2658.0,42000
2023-12-06,Eastleigh,2676.49,85000
2023-12-06,Karen,1900.52,28000
2023-12-06,Kilimani,1906.44,38000
2023-12-06,Kibera,3780.91,180000
2023-12-06,South B,2270.36,45000
2023-12-06,Kahawa,1541.22,32000
2023-12-06,Parklands,2405.71,40000
2023-12-07,Westlands,2934.62,42000
2023-12-07,Eastleigh,2850.02,85000
2023-12-07,Karen,1644.63,28000
2023-12-07,Kilimani,2571.79,38000
2023-12-07,Kibera,4039.81,180000
2023-12-07,South B,2116.0,45000
2023-12-07,Kahawa,1841.51,32000
2023-12-07,Parklands,2637.98,40000
2023-12-08,Westlands,2446.99,42000
2023-12-08,Eastleigh,2863.6,85000
2023-12-08,Karen,2072.92,28000
2023-12-08,Kilimani,2618.18,38000
2023-12-08,Kibera,3795.36,180000
2023-12-08,South B,1960.2,45000
2023-12-08,Kahawa,2027.92,32000
2023-12-08,Parklands,2301.45,40000
2023-12-09,Westlands,2530.88,42000
2023-12-09,Eastleigh,3026.78,85000
2023-12-09,Karen,2139.96,28000
2023-12-09,Kilimani,2473.3,38000
2023-12-09,Kibera,3781.06,180000
2023-12-09,South B,2215.73,45000
2023-12-09,Kahawa,1674.96,32000
2023-12-09,Parklands,2511.12,40000
2023-12-10,Westlands,2131.82,42000
2023-12-10,Eastleigh,2918.52,85000
2023-12-10,Karen,1903.38,28000
2023-12-10,Kilimani,2109.24,38000
2023-12-10,Kibera,3788.86,180000
2023-12-10,South B,2099.31,45000
2023-12-10,Kahawa,1998.94,32000
2023-12-10,Parklands,2708.44,40000
2023-12-11,Westlands,2524.11,42000
2023-12-11,Eastleigh,2955.85,85000
2023-12-11,Karen,1851.2,28000
2023-12-11,Kilimani,2247.0,38000
2023-12-11,Kibera,3766.35,180000
2023-12-11,South B,2003.32,45000
2023-12-11,Kahawa,1467.63,32000
2023-12-11,Parklands,2540.62,40000
2023-12-12,Westlands,2737.9,42000
2023-12-12,Eastleigh,2843.86,85000
2023-12-12,Karen,2039.06,28000
2023-12-12,Kilimani,2221.17,38000
2023-12-12,Kibera,3790.36,180000
2023-12-12,South B,2305.74,45000
2023-12-12,Kahawa,1678.05,32000
2023-12-12,Parklands,2518.04,40000
2023-12-13,Westlands,2532.26,42000
2023-12-13,Eastleigh,2967.95,85000
2023-12-13,Karen,1839.37,28000
2023-12-13,Kilimani,2207.33,38000
2023-12-13,Kibera,3722.86,180000
2023-12-13,South B,1868.9,45000
2023-12-13,Kahawa,1597.99,32000
2023-12-13,Parklands,2387.94,40000
2023-12-14,Westlands,2590.17,42000
2023-12-14,Eastleigh,2969.86,85000
2023-12-14,Karen,1872.97,28000
2023-12-14,Kilimani,2446.11,38000
2023-12-14,Kibera,3934.03,180000
2023-12-14,South B,2044.84,45000
2023-12-14,Kahawa,1469.39,32000
2023-12-14,Parklands,2253.6,40000
2023-12-15,Westlands,2555.56,42000
2023-12-15,Eastleigh,2959.39,85000
2023-12-15,Karen,1745.59,28000
2023-12-15,Kilimani,2118.9,38000
2023-12-15,Kibera,3696.17,180000
2023-12-15,South B,2209.21,45000
2023-12-15,Kahawa,1814.63,32000
2023-12-15,Parklands,2353.16,40000
2023-12-16,Westlands,2578.62,42000
2023-12-16,Eastleigh,2860.7,85000
2023-12-16,Karen,1891.89,28000
2023-12-16,Kilimani,2211.3,38000
2023-12-16,Kibera,3904.49,180000
2023-12-16,South B,1843.61,45000
2023-12-16,Kahawa,1639.82,32000
2023-12-16,Parklands,2524.36,40000
2023-12-17,Westlands,2701.36,42000
2023-12-17,Eastleigh,3560.15,85000
2023-12-17,Karen,1971.15,28000
2023-12-17,Kilimani,2189.44,38000
2023-12-17,Kibera,3790.88,180000
2023-12-17,South B,1851.92,45000
2023-12-17,Kahawa,1698.73,32000
2023-12-17,Parklands,2317.23,40000
2023-12-18,Westlands,2850.68,42000
2023-12-18,Eastleigh,2952.94,85000
2023-12-18,Karen,1888.91,28000
2023-12-18,Kilimani,2267.57,38000
2023-12-18,Kibera,4154.8,180000
2023-12-18,South B,2136.52,45000
2023-12-18,Kahawa,2070.35,32000
2023-12-18,Parklands,2640.2,40000
2023-12-19,Westlands,2777.6,42000
2023-12-19,Eastleigh,3139.45,85000
2023-12-19,Karen,1993.49,28000
2023-12-19,Kilimani,2027.73,38000
2023-12-19,Kibera,3782.43,180000
2023-12-19,South B,2367.75,45000
2023-12-19,Kahawa,1716.78,32000
2023-12-19,Parklands,2223.84,40000
2023-12-20,Westlands,2684.51,42000
2023-12-20,Eastleigh,3407.53,85000
2023-12-20,Karen,2164.7,28000
2023-12-20,Kilimani,2393.95,38000
2023-12-20,Kibera,4032.54,180000
2023-12-20,South B,2142.87,45000
2023-12-20,Kahawa,1404.29,32000
2023-12-20,Parklands,2324.19,40000
2023-12-21,Westlands,3005.95,42000
2023-12-21,Eastleigh,3037.45,85000
2023-12-21,Karen,1884.47,28000
2023-12-21,Kilimani,2356.44,38000
2023-12-21,Kibera,4230.75,180000
2023-12-21,South B,2535.26,45000
2023-12-21,Kahawa,2166.89,32000
2023-12-21,Parklands,2480.21,40000
2023-12-22,Westlands,2770.89,42000
2023-12-22,Eastleigh,2807.28,85000
2023-12-22,Karen,2224.55,28000
2023-12-22,Kilimani,2196.5,38000
2023-12-22,Kibera,3918.57,180000
2023-12-22,South B,2016.33,45000
2023-12-22,Kahawa,1630.31,32000
2023-12-22,Parklands,2357.47,40000
2023-12-23,Westlands,2604.89,42000
2023-12-23,Eastleigh,3007.28,85000
2023-12-23,Karen,1838.45,28000
2023-12-23,Kilimani,2593.45,38000
2023-12-23,Kibera,3675.27,180000
2023-12-23,South B,2279.75,45000
2023-12-23,Kahawa,1987.48,32000
2023-12-23,Parklands,2428.79,40000
2023-12-24,Westlands,2592.55,42000
2023-12-24,Eastleigh,3078.07,85000
2023-12-24,Karen,2182.19,28000
2023-12-24,Kilimani,2477.78,38000
2023-12-24,Kibera,3800.14,180000
2023-12-24,South B,2339.15,45000
2023-12-24,Kahawa,1541.57,32000
2023-12-24,Parklands,2670.49,40000
2023-12-25,Westlands,2822.3,42000
2023-12-25,Eastleigh,3073.72,85000
2023-12-25,Karen,1794.5,28000
2023-12-25,Kilimani,2274.77,38000
2023-12-25,Kibera,4022.28,180000
2023-12-25,South B,2493.3,45000
2023-12-25,Kahawa,1638.05,32000
2023-12-25,Parklands,2636.17,40000
2023-12-26,Westlands,2341.63,42000
2023-12-26,Eastleigh,3030.07,85000
2023-12-26,Karen,1959.51,28000
2023-12-26,Kilimani,2278.21,38000
2023-12-26,Kibera,3747.15,180000
2023-12-26,South B,2129.2,45000
2023-12-26,Kahawa,1826.49,32000
2023-12-26,Parklands,2518.48,40000
2023-12-27,Westlands,2319.98,42000
2023-12-27,Eastleigh,2737.66,85000
2023-12-27,Karen,1852.78,28000
2023-12-27,Kilimani,2555.88,38000
2023-12-27,Kibera,3403.02,180000
2023-12-27,South B,2169.78,45000
2023-12-27,Kahawa,1671.43,32000
2023-12-27,Parklands,2838.07,40000
2023-12-28,Westlands,2694.88,42000
2023-12-28,Eastleigh,3242.77,85000
2023-12-28,Karen,2007.31,28000
2023-12-28,Kilimani,2052.48,38000
2023-12-28,Kibera,4110.76,180000
2023-12-28,South B,2318.89,45000
2023-12-28,Kahawa,1882.02,32000
2023-12-28,Parklands,3350.3,40000
2023-12-29,Westlands,2366.77,42000
2023-12-29,Eastleigh,3520.53,85000
2023-12-29,Karen,1929.14,28000
2023-12-29,Kilimani,2539.86,38000
2023-12-29,Kibera,3963.42,180000
2023-12-29,South B,2199.9,45000
2023-12-29,Kahawa,1674.43,32000
2023-12-29,Parklands,2647.55,40000
2023-12-30,Westlands,2487.97,42000
2023-12-30,Eastleigh,3338.58,85000
2023-12-30,Karen,1910.16,28000
2023-12-30,Kilimani,2266.16,38000
2023-12-30,Kibera,3896.54,180000
2023-12-30,South B,2542.65,45000
2023-12-30,Kahawa,1687.1,32000
2023-12-30,Parklands,2662.49,40000
2023-12-31,Westlands,2653.81,42000
2023-12-31,Eastleigh,3351.58,85000
2023-12-31,Karen,2137.1,28000
2023-12-31,Kilimani,2869.72,38000
2023-12-31,Kibera,3964.89,180000
2023-12-31,South B,2433.73,45000
2023-12-31,Kahawa,1819.61,32000
2023-12-31,Parklands,2859.17,40000
