Date,Source,Capacity_M3,Current_Level,Volume_Available_M3
2023-01-01,Ndakaini Dam,70000000,0.753,52682987.92
2023-01-01,Sasumua Dam,15000000,0.634,9516632.93
2023-01-01,Ruiru Dam,12000000,0.788,9452519.84
2023-01-01,Thika Dam,9000000,0.717,6457212.07
2023-01-02,Ndakaini Dam,70000000,0.802,56172231.92
2023-01-02,Sasumua Dam,15000000,0.751,11265319.85
2023-01-02,Ruiru Dam,12000000,0.859,10308809.02
2023-01-02,Thika Dam,9000000,0.744,6695618.56
2023-01-03,Ndakaini Dam,70000000,0.725,50754864.55
2023-01-03,Sasumua Dam,15000000,0.662,9935731.11
2023-01-03,Ruiru Dam,12000000,0.773,9272490.1
2023-01-03,Thika Dam,9000000,0.724,6520046.08
2023-01-04,Ndakaini Dam,70000000,0.759,53134430.91
2023-01-04,Sasumua Dam,15000000,0.762,11426529.85
2023-01-04,Ruiru Dam,12000000,0.798,9571235.89
2023-01-04,Thika Dam,9000000,0.629,5662196.09
2023-01-05,Ndakaini Dam,70000000,0.703,49228358.29
2023-01-05,Sasumua Dam,15000000,0.664,9961589.68
2023-01-05,Ruiru Dam,12000000,0.764,9168712.87
2023-01-05,Thika Dam,9000000,0.593,5333471.16
2023-01-06,Ndakaini Dam,70000000,0.844,59075680.2
2023-01-06,Sasumua Dam,15000000,0.606,9095065.03
2023-01-06,Ruiru Dam,12000000,0.787,9441336.74
2023-01-06,Thika Dam,9000000,0.768,6915465.6
2023-01-07,Ndakaini Dam,70000000,0.798,55826042.19
2023-01-07,Sasumua Dam,15000000,0.645,9668205.38
2023-01-07,Ruiru Dam,12000000,0.878,10540418.46
2023-01-07,Thika Dam,9000000,0.791,7119774.94
2023-01-08,Ndakaini Dam,70000000,0.762,53306469.16
2023-01-08,Sasumua Dam,15000000,0.722,10829315.82
2023-01-08,Ruiru Dam,12000000,0.775,9298872.03
2023-01-08,Thika Dam,9000000,0.753,6778914.23
2023-01-09,Ndakaini Dam,70000000,0.784,54911823.28
2023-01-09,Sasumua Dam,15000000,0.699,10482156.35
2023-01-09,Ruiru Dam,12000000,0.855,10265082.69
2023-01-09,Thika Dam,9000000,0.76,6837497.18
2023-01-10,Ndakaini Dam,70000000,0.936,65545153.91
2023-01-10,Sasumua Dam,15000000,0.681,10209164.26
2023-01-10,Ruiru Dam,12000000,0.892,10708070.39
2023-01-10,Thika Dam,9000000,0.703,6327703.59
2023-01-11,Ndakaini Dam,70000000,0.805,56322445.55
2023-01-11,Sasumua Dam,15000000,0.598,8973938.86
2023-01-11,Ruiru Dam,12000000,0.803,9631395.91
2023-01-11,Thika Dam,9000000,0.772,6946536.28
2023-01-12,Ndakaini Dam,70000000,0.793,55493286.13
2023-01-12,Sasumua Dam,15000000,0.631,9457634.53
2023-01-12,Ruiru Dam,12000000,0.81,9722054.79
2023-01-12,Thika Dam,9000000,0.825,7421414.05
2023-01-13,Ndakaini Dam,70000000,0.835,58431481.79
2023-01-13,Sasumua Dam,15000000,0.781,11719669.8
2023-01-13,Ruiru Dam,12000000,0.951,11410780.78
2023-01-13,Thika Dam,9000000,0.666,5994387.6
2023-01-14,Ndakaini Dam,70000000,0.766,53625614.44
2023-01-14,Sasumua Dam,15000000,0.737,11060318.5
2023-01-14,Ruiru Dam,12000000,0.799,9590899.22
2023-01-14,Thika Dam,9000000,0.762,6858398.56
2023-01-15,Ndakaini Dam,70000000,0.853,59734640.09
2023-01-15,Sasumua Dam,15000000,0.744,11157287.8
2023-01-15,Ruiru Dam,12000000,0.728,8737251.72
2023-01-15,Thika Dam,9000000,0.792,7129335.58
2023-01-16,Ndakaini Dam,70000000,0.79,55303086.13
2023-01-16,Sasumua Dam,15000000,0.632,9477453.3
2023-01-16,Ruiru Dam,12000000,0.81,9720223.34
2023-01-16,Thika Dam,9000000,0.674,6066078.56
2023-01-17,Ndakaini Dam,70000000,0.779,54521670.72
2023-01-17,Sasumua Dam,15000000,0.718,10771136.09
2023-01-17,Ruiru Dam,12000000,0.767,9204180.43
2023-01-17,Thika Dam,9000000,0.776,6982417.55
2023-01-18,Ndakaini Dam,70000000,0.742,51912270.48
2023-01-18,Sasumua Dam,15000000,0.812,12179098.66
2023-01-18,Ruiru Dam,12000000,0.854,10249775.47
2023-01-18,Thika Dam,9000000,0.753,6774276.15
2023-01-19,Ndakaini Dam,70000000,0.861,60262574.32
2023-01-19,Sasumua Dam,15000000,0.761,11418038.45
2023-01-19,Ruiru Dam,12000000,0.866,10386247.44
2023-01-19,Thika Dam,9000000,0.765,6884457.44
2023-01-20,Ndakaini Dam,70000000,0.785,54946121.07
2023-01-20,Sasumua Dam,15000000,0.771,11562562.87
2023-01-20,Ruiru Dam,12000000,0.927,11121953.75
2023-01-20,Thika Dam,9000000,0.6,5396837.9
2023-01-21,Ndakaini Dam,70000000,0.896,62752585.6
2023-01-21,Sasumua Dam,15000000,0.703,10539732.91
2023-01-21,Ruiru Dam,12000000,0.863,10352069.94
2023-01-21,Thika Dam,9000000,0.687,6184799.35
2023-01-22,Ndakaini Dam,70000000,0.88,61602139.29
2023-01-22,Sasumua Dam,15000000,0.686,10294806.77
2023-01-22,Ruiru Dam,12000000,0.912,10938902.3
2023-01-22,Thika Dam,9000000,0.763,6870597.87
2023-01-23,Ndakaini Dam,70000000,0.8,55979975.78
2023-01-23,Sasumua Dam,15000000,0.695,10423342.5
2023-01-23,Ruiru Dam,12000000,0.919,11025694.74
2023-01-23,Thika Dam,9000000,0.77,6934284.73
2023-01-24,Ndakaini Dam,70000000,0.846,59227477.44
2023-01-24,Sasumua Dam,15000000,0.657,9853638.94
2023-01-24,Ruiru Dam,12000000,0.816,9787933.57
2023-01-24,Thika Dam,9000000,0.793,7134826.37
2023-01-25,Ndakaini Dam,70000000,0.734,51357980.9
2023-01-25,Sasumua Dam,15000000,0.781,11709628.24
2023-01-25,Ruiru Dam,12000000,0.829,9953829.73
2023-01-25,Thika Dam,9000000,0.744,6693245.78
2023-01-26,Ndakaini Dam,70000000,0.841,58838747.66
2023-01-26,Sasumua Dam,15000000,0.773,11601820.69
2023-01-26,Ruiru Dam,12000000,0.809,9704592.11
2023-01-26,Thika Dam,9000000,0.841,7569660.82
2023-01-27,Ndakaini Dam,70000000,0.843,58975535.68
2023-01-27,Sasumua Dam,15000000,0.667,9997647.77
2023-01-27,Ruiru Dam,12000000,0.852,10224906.12
2023-01-27,Thika Dam,9000000,0.806,7253071.35
2023-01-28,Ndakaini Dam,70000000,0.814,56978191.17
2023-01-28,Sasumua Dam,15000000,0.603,9050399.41
2023-01-28,Ruiru Dam,12000000,0.873,10472497.36
2023-01-28,Thika Dam,9000000,0.827,7446690.68
2023-01-29,Ndakaini Dam,70000000,0.818,57241721.72
2023-01-29,Sasumua Dam,15000000,0.775,11618760.8
2023-01-29,Ruiru Dam,12000000,0.923,11073662.99
2023-01-29,Thika Dam,9000000,0.713,6413383.83
2023-01-30,Ndakaini Dam,70000000,0.861,60262104.09
2023-01-30,Sasumua Dam,15000000,0.791,11865690.34
2023-01-30,Ruiru Dam,12000000,0.793,9514604.58
2023-01-30,Thika Dam,9000000,0.829,7460575.13
2023-01-31,Ndakaini Dam,70000000,0.917,64162736.52
2023-01-31,Sasumua Dam,15000000,0.793,11894877.38
2023-01-31,Ruiru Dam,12000000,0.904,10848289.7
2023-01-31,Thika Dam,9000000,0.743,6687283.02
2023-02-01,Ndakaini Dam,70000000,0.798,55830770.48
2023-02-01,Sasumua Dam,15000000,0.728,10914257.31
2023-02-01,Ruiru Dam,12000000,0.898,10779643.71
2023-02-01,Thika Dam,9000000,0.773,6953523.68
2023-02-02,Ndakaini Dam,70000000,0.802,56120126.99
2023-02-02,Sasumua Dam,15000000,0.816,12238321.02
2023-02-02,Ruiru Dam,12000000,0.964,11570246.89
2023-02-02,Thika Dam,9000000,0.796,7166861.8
2023-02-03,Ndakaini Dam,70000000,0.754,52788331.23
2023-02-03,Sasumua Dam,15000000,0.785,11773105.16
2023-02-03,Ruiru Dam,12000000,0.892,10709320.11
2023-02-03,Thika Dam,9000000,0.844,7599921.8
2023-02-04,Ndakaini Dam,70000000,0.819,57318061.47
2023-02-04,Sasumua Dam,15000000,0.829,12435835.2
2023-02-04,Ruiru Dam,12000000,0.921,11056646.96
2023-02-04,Thika Dam,9000000,0.79,7110911.25
2023-02-05,Ndakaini Dam,70000000,0.878,61469472.43
2023-02-05,Sasumua Dam,15000000,0.834,12504436.2
2023-02-05,Ruiru Dam,12000000,0.833,9990767.5
2023-02-05,Thika Dam,9000000,0.855,7696240.09
2023-02-06,Ndakaini Dam,70000000,0.833,58324712.87
2023-02-06,Sasumua Dam,15000000,0.777,11652544.17
2023-02-06,Ruiru Dam,12000000,0.884,10605738.86
2023-02-06,Thika Dam,9000000,0.871,7841424.48
2023-02-07,Ndakaini Dam,70000000,0.903,63223585.28
2023-02-07,Sasumua Dam,15000000,0.815,12226319.19
2023-02-07,Ruiru Dam,12000000,0.905,10857012.08
2023-02-07,Thika Dam,9000000,0.806,7254509.54
2023-02-08,Ndakaini Dam,70000000,0.978,68476114.53
2023-02-08,Sasumua Dam,15000000,0.759,11386015.07
2023-02-08,Ruiru Dam,12000000,0.871,10451374.83
2023-02-08,Thika Dam,9000000,0.828,7455860.9
2023-02-09,Ndakaini Dam,70000000,0.8,55998644.52
2023-02-09,Sasumua Dam,15000000,0.848,12716288.95
2023-02-09,Ruiru Dam,12000000,0.822,9860969.82
2023-02-09,Thika Dam,9000000,0.78,7016594.06
2023-02-10,Ndakaini Dam,70000000,0.827,57904510.64
2023-02-10,Sasumua Dam,15000000,0.747,11205914.14
2023-02-10,Ruiru Dam,12000000,0.949,11392118.67
2023-02-10,Thika Dam,9000000,0.752,6763904.68
2023-02-11,Ndakaini Dam,70000000,0.801,56076016.48
2023-02-11,Sasumua Dam,15000000,0.765,11481015.0
2023-02-11,Ruiru Dam,12000000,0.941,11296739.44
2023-02-11,Thika Dam,9000000,0.892,8026818.53
2023-02-12,Ndakaini Dam,70000000,0.877,61410032.9
2023-02-12,Sasumua Dam,15000000,0.735,11032228.14
2023-02-12,Ruiru Dam,12000000,0.87,10441885.22
2023-02-12,Thika Dam,9000000,0.9,8097935.55
2023-02-13,Ndakaini Dam,70000000,0.855,59815071.83
2023-02-13,Sasumua Dam,15000000,0.731,10961514.8
2023-02-13,Ruiru Dam,12000000,1.0,12000000.0
2023-02-13,Thika Dam,9000000,0.795,7151117.31
2023-02-14,Ndakaini Dam,70000000,0.851,59593950.73
2023-02-14,Sasumua Dam,15000000,0.771,11560223.49
2023-02-14,Ruiru Dam,12000000,0.857,10285681.77
2023-02-14,Thika Dam,9000000,0.89,8007460.72
2023-02-15,Ndakaini Dam,70000000,0.867,60659191.15
2023-02-15,Sasumua Dam,15000000,0.823,12337708.2
2023-02-15,Ruiru Dam,12000000,0.843,10113269.43
2023-02-15,Thika Dam,9000000,0.812,7306062.43
2023-02-16,Ndakaini Dam,70000000,0.827,57921169.51
2023-02-16,Sasumua Dam,15000000,0.767,11508958.28
2023-02-16,Ruiru Dam,12000000,0.932,11182946.76
2023-02-16,Thika Dam,9000000,0.812,7304880.66
2023-02-17,Ndakaini Dam,70000000,0.895,62646096.89
2023-02-17,Sasumua Dam,15000000,0.846,12695241.01
2023-02-17,Ruiru Dam,12000000,0.889,10662742.92
2023-02-17,Thika Dam,9000000,0.853,7677094.16
2023-02-18,Ndakaini Dam,70000000,0.839,58725515.94
2023-02-18,Sasumua Dam,15000000,0.773,11589754.62
2023-02-18,Ruiru Dam,12000000,0.859,10308390.87
2023-02-18,Thika Dam,9000000,0.836,7527099.91
2023-02-19,Ndakaini Dam,70000000,0.827,57865238.4
2023-02-19,Sasumua Dam,15000000,0.883,13239797.28
2023-02-19,Ruiru Dam,12000000,0.995,11940541.26
2023-02-19,Thika Dam,9000000,0.857,7717428.51
2023-02-20,Ndakaini Dam,70000000,0.878,61431145.24
2023-02-20,Sasumua Dam,15000000,0.816,12245115.39
2023-02-20,Ruiru Dam,12000000,1.0,12000000.0
2023-02-20,Thika Dam,9000000,0.934,8401803.25
2023-02-21,Ndakaini Dam,70000000,0.857,59977061.38
2023-02-21,Sasumua Dam,15000000,0.807,12106493.93
2023-02-21,Ruiru Dam,12000000,0.933,11200691.69
2023-02-21,Thika Dam,9000000,0.778,7002580.85
2023-02-22,Ndakaini Dam,70000000,0.779,54505291.33
2023-02-22,Sasumua Dam,15000000,0.752,11276158.97
2023-02-22,Ruiru Dam,12000000,0.904,10842682.74
2023-02-22,Thika Dam,9000000,0.791,7122543.42
2023-02-23,Ndakaini Dam,70000000,0.943,66006290.5
2023-02-23,Sasumua Dam,15000000,0.747,11201120.29
2023-02-23,Ruiru Dam,12000000,0.853,10241171.15
2023-02-23,Thika Dam,9000000,0.748,6736346.7
2023-02-24,Ndakaini Dam,70000000,0.839,58762574.71
2023-02-24,Sasumua Dam,15000000,0.802,12027220.91
2023-02-24,Ruiru Dam,12000000,0.918,11013034.24
2023-02-24,Thika Dam,9000000,0.84,7559918.33
2023-02-25,Ndakaini Dam,70000000,0.842,58949241.07
2023-02-25,Sasumua Dam,15000000,0.771,11558979.62
2023-02-25,Ruiru Dam,12000000,0.944,11329971.85
2023-02-25,Thika Dam,9000000,0.798,7184127.68
2023-02-26,Ndakaini Dam,70000000,0.914,63961375.37
2023-02-26,Sasumua Dam,15000000,0.751,11258327.38
2023-02-26,Ruiru Dam,12000000,0.887,10647209.17
2023-02-26,Thika Dam,9000000,0.947,8521087.85
2023-02-27,Ndakaini Dam,70000000,0.985,68951585.99
2023-02-27,Sasumua Dam,15000000,0.758,11370594.49
2023-02-27,Ruiru Dam,12000000,0.986,11837584.71
2023-02-27,Thika Dam,9000000,0.927,8340929.03
2023-02-28,Ndakaini Dam,70000000,0.931,65143990.61
2023-02-28,Sasumua Dam,15000000,0.824,12361971.37
2023-02-28,Ruiru Dam,12000000,0.831,9971709.68
2023-02-28,Thika Dam,9000000,0.852,7665371.2
2023-03-01,Ndakaini Dam,70000000,0.899,62957272.1
2023-03-01,Sasumua Dam,15000000,0.841,12611030.58
2023-03-01,Ruiru Dam,12000000,0.953,11431948.88
2023-03-01,Thika Dam,9000000,0.808,7273886.6
2023-03-02,Ndakaini Dam,70000000,0.856,59914923.11
2023-03-02,Sasumua Dam,15000000,0.71,10656198.45
2023-03-02,Ruiru Dam,12000000,0.975,11695554.34
2023-03-02,Thika Dam,9000000,0.805,7247117.0
2023-03-03,Ndakaini Dam,70000000,0.869,60825053.15
2023-03-03,Sasumua Dam,15000000,0.844,12660630.8
2023-03-03,Ruiru Dam,12000000,0.903,10840260.65
2023-03-03,Thika Dam,9000000,0.798,7179821.55
2023-03-04,Ndakaini Dam,70000000,0.895,62678184.87
2023-03-04,Sasumua Dam,15000000,0.743,11151552.37
2023-03-04,Ruiru Dam,12000000,0.971,11651431.59
2023-03-04,Thika Dam,9000000,0.886,7970690.24
2023-03-05,Ndakaini Dam,70000000,0.856,59941778.09
2023-03-05,Sasumua Dam,15000000,0.809,12136437.28
2023-03-05,Ruiru Dam,12000000,0.884,10612909.14
2023-03-05,Thika Dam,9000000,0.835,7512187.71
2023-03-06,Ndakaini Dam,70000000,0.875,61243214.83
2023-03-06,Sasumua Dam,15000000,0.819,12285317.41
2023-03-06,Ruiru Dam,12000000,1.0,12000000.0
2023-03-06,Thika Dam,9000000,0.767,6907426.49
2023-03-07,Ndakaini Dam,70000000,0.841,58845566.81
2023-03-07,Sasumua Dam,15000000,0.873,13089348.6
2023-03-07,Ruiru Dam,12000000,1.0,12000000.0
2023-03-07,Thika Dam,9000000,0.813,7315661.97
2023-03-08,Ndakaini Dam,70000000,0.938,65640799.75
2023-03-08,Sasumua Dam,15000000,0.78,11694197.12
2023-03-08,Ruiru Dam,12000000,0.918,11011823.04
2023-03-08,Thika Dam,9000000,0.858,7718645.77
2023-03-09,Ndakaini Dam,70000000,0.854,59753393.35
2023-03-09,Sasumua Dam,15000000,0.817,12257758.97
2023-03-09,Ruiru Dam,12000000,0.87,10439589.52
2023-03-09,Thika Dam,9000000,0.892,8026743.63
2023-03-10,Ndakaini Dam,70000000,0.844,59096024.36
2023-03-10,Sasumua Dam,15000000,0.806,12089083.16
2023-03-10,Ruiru Dam,12000000,0.9,10800408.72
2023-03-10,Thika Dam,9000000,0.823,7404233.75
2023-03-11,Ndakaini Dam,70000000,0.897,62811130.95
2023-03-11,Sasumua Dam,15000000,0.843,12648188.69
2023-03-11,Ruiru Dam,12000000,1.0,12000000.0
2023-03-11,Thika Dam,9000000,0.848,7630393.76
2023-03-12,Ndakaini Dam,70000000,0.886,62016999.55
2023-03-12,Sasumua Dam,15000000,0.908,13617422.07
2023-03-12,Ruiru Dam,12000000,0.952,11426671.73
2023-03-12,Thika Dam,9000000,0.856,7704380.22
2023-03-13,Ndakaini Dam,70000000,0.885,61961306.98
2023-03-13,Sasumua Dam,15000000,0.852,12773079.78
2023-03-13,Ruiru Dam,12000000,0.991,11886938.27
2023-03-13,Thika Dam,9000000,0.929,8361961.38
2023-03-14,Ndakaini Dam,70000000,0.944,66096473.51
2023-03-14,Sasumua Dam,15000000,0.866,12990036.95
2023-03-14,Ruiru Dam,12000000,0.953,11438358.38
2023-03-14,Thika Dam,9000000,0.965,8681097.71
2023-03-15,Ndakaini Dam,70000000,0.87,60879838.48
2023-03-15,Sasumua Dam,15000000,0.878,13175204.28
2023-03-15,Ruiru Dam,12000000,1.0,12000000.0
2023-03-15,Thika Dam,9000000,0.916,8240855.03
2023-03-16,Ndakaini Dam,70000000,0.856,59923485.76
2023-03-16,Sasumua Dam,15000000,0.985,14773885.22
2023-03-16,Ruiru Dam,12000000,1.0,12000000.0
2023-03-16,Thika Dam,9000000,0.917,8254517.06
2023-03-17,Ndakaini Dam,70000000,0.845,59117763.64
2023-03-17,Sasumua Dam,15000000,0.894,13407743.13
2023-03-17,Ruiru Dam,12000000,0.829,9951473.13
2023-03-17,Thika Dam,9000000,0.853,7679253.69
2023-03-18,Ndakaini Dam,70000000,0.901,63059011.31
2023-03-18,Sasumua Dam,15000000,0.823,12345740.51
2023-03-18,Ruiru Dam,12000000,1.0,12000000.0
2023-03-18,Thika Dam,9000000,0.871,7836276.15
2023-03-19,Ndakaini Dam,70000000,0.848,59363787.65
2023-03-19,Sasumua Dam,15000000,0.884,13256573.89
2023-03-19,Ruiru Dam,12000000,0.966,11592430.84
2023-03-19,Thika Dam,9000000,0.778,7006087.67
2023-03-20,Ndakaini Dam,70000000,0.964,67450251.07
2023-03-20,Sasumua Dam,15000000,0.852,12776125.35
2023-03-20,Ruiru Dam,12000000,0.996,11951280.56
2023-03-20,Thika Dam,9000000,0.887,7984831.95
2023-03-21,Ndakaini Dam,70000000,0.88,61624707.56
2023-03-21,Sasumua Dam,15000000,0.868,13026125.0
2023-03-21,Ruiru Dam,12000000,0.942,11305897.54
2023-03-21,Thika Dam,9000000,0.882,7935621.34
2023-03-22,Ndakaini Dam,70000000,0.928,64941384.53
2023-03-22,Sasumua Dam,15000000,0.855,12825250.36
2023-03-22,Ruiru Dam,12000000,0.971,11651119.0
2023-03-22,Thika Dam,9000000,0.849,7641602.59
2023-03-23,Ndakaini Dam,70000000,0.87,60867150.31
2023-03-23,Sasumua Dam,15000000,0.887,13302663.47
2023-03-23,Ruiru Dam,12000000,1.0,12000000.0
2023-03-23,Thika Dam,9000000,0.842,7580046.95
2023-03-24,Ndakaini Dam,70000000,0.914,63997375.61
2023-03-24,Sasumua Dam,15000000,0.778,11670542.31
2023-03-24,Ruiru Dam,12000000,1.0,12000000.0
2023-03-24,Thika Dam,9000000,0.926,8332120.21
2023-03-25,Ndakaini Dam,70000000,0.87,60875016.63
2023-03-25,Sasumua Dam,15000000,0.831,12467825.77
2023-03-25,Ruiru Dam,12000000,1.0,12000000.0
2023-03-25,Thika Dam,9000000,0.878,7898665.49
2023-03-26,Ndakaini Dam,70000000,0.931,65154058.9
2023-03-26,Sasumua Dam,15000000,0.8,11997336.23
2023-03-26,Ruiru Dam,12000000,0.978,11735739.49
2023-03-26,Thika Dam,9000000,0.862,7755330.57
2023-03-27,Ndakaini Dam,70000000,0.914,64003121.07
2023-03-27,Sasumua Dam,15000000,0.83,12442684.01
2023-03-27,Ruiru Dam,12000000,0.939,11266069.71
2023-03-27,Thika Dam,9000000,0.875,7871235.44
2023-03-28,Ndakaini Dam,70000000,0.87,60923945.22
2023-03-28,Sasumua Dam,15000000,0.963,14445209.13
2023-03-28,Ruiru Dam,12000000,0.897,10762314.93
2023-03-28,Thika Dam,9000000,0.895,8051323.13
2023-03-29,Ndakaini Dam,70000000,0.915,64043137.53
2023-03-29,Sasumua Dam,15000000,0.888,13317169.0
2023-03-29,Ruiru Dam,12000000,0.825,9896849.98
2023-03-29,Thika Dam,9000000,0.785,7068764.95
2023-03-30,Ndakaini Dam,70000000,0.872,61072550.18
2023-03-30,Sasumua Dam,15000000,0.896,13438496.03
2023-03-30,Ruiru Dam,12000000,0.937,11240229.69
2023-03-30,Thika Dam,9000000,0.855,7691825.26
2023-03-31,Ndakaini Dam,70000000,0.901,63052825.22
2023-03-31,Sasumua Dam,15000000,0.808,12118723.65
2023-03-31,Ruiru Dam,12000000,0.973,11681618.86
2023-03-31,Thika Dam,9000000,0.88,7916084.05
2023-04-01,Ndakaini Dam,70000000,0.925,64758320.21
2023-04-01,Sasumua Dam,15000000,0.926,13887113.17
2023-04-01,Ruiru Dam,12000000,0.938,11261876.47
2023-04-01,Thika Dam,9000000,0.876,7879566.43
2023-04-02,Ndakaini Dam,70000000,0.851,59550087.34
2023-04-02,Sasumua Dam,15000000,0.787,11810306.94
2023-04-02,Ruiru Dam,12000000,0.95,11395400.61
2023-04-02,Thika Dam,9000000,0.875,7876201.58
2023-04-03,Ndakaini Dam,70000000,0.934,65408139.97
2023-04-03,Sasumua Dam,15000000,0.879,13180493.37
2023-04-03,Ruiru Dam,12000000,0.963,11551796.07
2023-04-03,Thika Dam,9000000,0.954,8587580.63
2023-04-04,Ndakaini Dam,70000000,0.884,61895952.5
2023-04-04,Sasumua Dam,15000000,0.84,12605251.72
2023-04-04,Ruiru Dam,12000000,0.964,11567932.91
2023-04-04,Thika Dam,9000000,0.811,7295730.69
2023-04-05,Ndakaini Dam,70000000,0.934,65385949.46
2023-04-05,Sasumua Dam,15000000,0.853,12798897.44
2023-04-05,Ruiru Dam,12000000,0.954,11450384.17
2023-04-05,Thika Dam,9000000,0.897,8071447.94
2023-04-06,Ndakaini Dam,70000000,0.918,64280593.47
2023-04-06,Sasumua Dam,15000000,0.87,13050762.32
2023-04-06,Ruiru Dam,12000000,0.93,11160177.38
2023-04-06,Thika Dam,9000000,0.948,8531752.93
2023-04-07,Ndakaini Dam,70000000,0.826,57831063.0
2023-04-07,Sasumua Dam,15000000,0.815,12224801.66
2023-04-07,Ruiru Dam,12000000,0.922,11059688.72
2023-04-07,Thika Dam,9000000,0.833,7499087.83
2023-04-08,Ndakaini Dam,70000000,0.812,56816098.46
2023-04-08,Sasumua Dam,15000000,0.931,13967869.4
2023-04-08,Ruiru Dam,12000000,0.981,11773363.49
2023-04-08,Thika Dam,9000000,0.837,7536789.82
2023-04-09,Ndakaini Dam,70000000,0.934,65346812.04
2023-04-09,Sasumua Dam,15000000,0.841,12609612.77
2023-04-09,Ruiru Dam,12000000,0.934,11209406.21
2023-04-09,Thika Dam,9000000,0.821,7385965.4
2023-04-10,Ndakaini Dam,70000000,0.899,62941457.39
2023-04-10,Sasumua Dam,15000000,0.817,12250294.47
2023-04-10,Ruiru Dam,12000000,0.9,10796308.77
2023-04-10,Thika Dam,9000000,0.916,8244732.0
2023-04-11,Ndakaini Dam,70000000,0.857,59974504.1
2023-04-11,Sasumua Dam,15000000,0.918,13771787.58
2023-04-11,Ruiru Dam,12000000,0.912,10945915.48
2023-04-11,Thika Dam,9000000,0.793,7134697.15
2023-04-12,Ndakaini Dam,70000000,0.924,64658421.06
2023-04-12,Sasumua Dam,15000000,0.825,12376503.19
2023-04-12,Ruiru Dam,12000000,0.868,10420776.72
2023-04-12,Thika Dam,9000000,0.88,7921570.91
2023-04-13,Ndakaini Dam,70000000,0.832,58215261.23
2023-04-13,Sasumua Dam,15000000,0.747,11212241.86
2023-04-13,Ruiru Dam,12000000,0.981,11769526.52
2023-04-13,Thika Dam,9000000,0.941,8472526.21
2023-04-14,Ndakaini Dam,70000000,0.877,61366648.26
2023-04-14,Sasumua Dam,15000000,0.907,13604752.62
2023-04-14,Ruiru Dam,12000000,0.987,11838044.59
2023-04-14,Thika Dam,9000000,0.9,8097870.9
2023-04-15,Ndakaini Dam,70000000,0.887,62113276.95
2023-04-15,Sasumua Dam,15000000,0.816,12240166.29
2023-04-15,Ruiru Dam,12000000,0.963,11556285.95
2023-04-15,Thika Dam,9000000,0.898,8083966.32
2023-04-16,Ndakaini Dam,70000000,0.832,58251153.52
2023-04-16,Sasumua Dam,15000000,0.829,12434641.5
2023-04-16,Ruiru Dam,12000000,0.936,11228687.58
2023-04-16,Thika Dam,9000000,0.851,7659729.17
2023-04-17,Ndakaini Dam,70000000,0.861,60253567.55
2023-04-17,Sasumua Dam,15000000,0.778,11668335.92
2023-04-17,Ruiru Dam,12000000,0.929,11151689.93
2023-04-17,Thika Dam,9000000,0.851,7655710.33
2023-04-18,Ndakaini Dam,70000000,0.87,60911874.27
2023-04-18,Sasumua Dam,15000000,0.876,13144114.32
2023-04-18,Ruiru Dam,12000000,0.875,10504519.83
2023-04-18,Thika Dam,9000000,0.878,7900446.0
2023-04-19,Ndakaini Dam,70000000,0.803,56235594.5
2023-04-19,Sasumua Dam,15000000,0.84,12596097.58
2023-04-19,Ruiru Dam,12000000,0.83,9963265.0
2023-04-19,Thika Dam,9000000,0.819,7367033.45
2023-04-20,Ndakaini Dam,70000000,0.891,62380978.5
2023-04-20,Sasumua Dam,15000000,0.771,11565054.72
2023-04-20,Ruiru Dam,12000000,0.871,10455929.21
2023-04-20,Thika Dam,9000000,0.911,8202140.64
2023-04-21,Ndakaini Dam,70000000,0.812,56814474.49
2023-04-21,Sasumua Dam,15000000,0.835,12532086.42
2023-04-21,Ruiru Dam,12000000,1.0,12000000.0
2023-04-21,Thika Dam,9000000,0.869,7816817.42
2023-04-22,Ndakaini Dam,70000000,0.892,62438556.16
2023-04-22,Sasumua Dam,15000000,0.805,12072823.12
2023-04-22,Ruiru Dam,12000000,0.905,10860309.58
2023-04-22,Thika Dam,9000000,0.852,7669291.19
2023-04-23,Ndakaini Dam,70000000,0.79,55284668.26
2023-04-23,Sasumua Dam,15000000,0.89,13353670.55
2023-04-23,Ruiru Dam,12000000,0.95,11399845.22
2023-04-23,Thika Dam,9000000,0.772,6949972.29
2023-04-24,Ndakaini Dam,70000000,0.94,65796137.6
2023-04-24,Sasumua Dam,15000000,0.873,13089086.76
2023-04-24,Ruiru Dam,12000000,0.961,11527176.64
2023-04-24,Thika Dam,9000000,0.97,8734110.83
2023-04-25,Ndakaini Dam,70000000,0.892,62471804.86
2023-04-25,Sasumua Dam,15000000,0.914,13712184.07
2023-04-25,Ruiru Dam,12000000,0.939,11266957.37
2023-04-25,Thika Dam,9000000,0.88,7922329.64
2023-04-26,Ndakaini Dam,70000000,0.859,60124649.43
2023-04-26,Sasumua Dam,15000000,0.742,11134868.57
2023-04-26,Ruiru Dam,12000000,0.845,10143137.53
2023-04-26,Thika Dam,9000000,0.852,7671315.06
2023-04-27,Ndakaini Dam,70000000,0.874,61154837.73
2023-04-27,Sasumua Dam,15000000,0.777,11647572.91
2023-04-27,Ruiru Dam,12000000,0.922,11059740.64
2023-04-27,Thika Dam,9000000,0.878,7902091.37
2023-04-28,Ndakaini Dam,70000000,0.949,66424529.49
2023-04-28,Sasumua Dam,15000000,0.8,11996531.89
2023-04-28,Ruiru Dam,12000000,0.954,11448260.76
2023-04-28,Thika Dam,9000000,0.941,8472036.07
2023-04-29,Ndakaini Dam,70000000,0.921,64449611.77
2023-04-29,Sasumua Dam,15000000,0.795,11921030.25
2023-04-29,Ruiru Dam,12000000,0.938,11259341.85
2023-04-29,Thika Dam,9000000,0.862,7762025.39
2023-04-30,Ndakaini Dam,70000000,0.914,63971240.32
2023-04-30,Sasumua Dam,15000000,0.834,12509324.28
2023-04-30,Ruiru Dam,12000000,0.956,11474200.21
2023-04-30,Thika Dam,9000000,0.903,8126875.24
2023-05-01,Ndakaini Dam,70000000,0.828,57971543.36
2023-05-01,Sasumua Dam,15000000,0.765,11470885.68
2023-05-01,Ruiru Dam,12000000,0.961,11534367.27
2023-05-01,Thika Dam,9000000,0.843,7587829.15
2023-05-02,Ndakaini Dam,70000000,0.923,64583880.73
2023-05-02,Sasumua Dam,15000000,0.884,13257825.42
2023-05-02,Ruiru Dam,12000000,0.837,10043416.02
2023-05-02,Thika Dam,9000000,0.808,7268576.03
2023-05-03,Ndakaini Dam,70000000,0.872,61032381.99
2023-05-03,Sasumua Dam,15000000,0.777,11654442.23
2023-05-03,Ruiru Dam,12000000,0.905,10854001.07
2023-05-03,Thika Dam,9000000,0.784,7057929.57
2023-05-04,Ndakaini Dam,70000000,0.855,59840034.49
2023-05-04,Sasumua Dam,15000000,0.778,11677286.64
2023-05-04,Ruiru Dam,12000000,0.944,11328222.68
2023-05-04,Thika Dam,9000000,0.892,8027175.3
2023-05-05,Ndakaini Dam,70000000,0.896,62707826.4
2023-05-05,Sasumua Dam,15000000,0.955,14329141.29
2023-05-05,Ruiru Dam,12000000,0.972,11667984.14
2023-05-05,Thika Dam,9000000,0.89,8014106.8
2023-05-06,Ndakaini Dam,70000000,0.87,60889360.02
2023-05-06,Sasumua Dam,15000000,0.809,12129153.77
2023-05-06,Ruiru Dam,12000000,0.988,11851302.1
2023-05-06,Thika Dam,9000000,0.831,7481714.69
2023-05-07,Ndakaini Dam,70000000,0.874,61195873.88
2023-05-07,Sasumua Dam,15000000,0.814,12208072.79
2023-05-07,Ruiru Dam,12000000,0.949,11393743.28
2023-05-07,Thika Dam,9000000,0.887,7983513.96
2023-05-08,Ndakaini Dam,70000000,0.924,64693185.87
2023-05-08,Sasumua Dam,15000000,0.806,12086765.68
2023-05-08,Ruiru Dam,12000000,0.93,11160959.82
2023-05-08,Thika Dam,9000000,0.858,7717862.59
2023-05-09,Ndakaini Dam,70000000,0.943,65984629.22
2023-05-09,Sasumua Dam,15000000,0.73,10951798.18
2023-05-09,Ruiru Dam,12000000,0.92,11039996.43
2023-05-09,Thika Dam,9000000,0.807,7265465.97
2023-05-10,Ndakaini Dam,70000000,0.841,58885473.58
2023-05-10,Sasumua Dam,15000000,0.775,11629844.87
2023-05-10,Ruiru Dam,12000000,0.945,11337642.51
2023-05-10,Thika Dam,9000000,0.715,6437795.69
2023-05-11,Ndakaini Dam,70000000,0.859,60151688.01
2023-05-11,Sasumua Dam,15000000,0.725,10877331.61
2023-05-11,Ruiru Dam,12000000,0.882,10579287.33
2023-05-11,Thika Dam,9000000,0.826,7429908.99
2023-05-12,Ndakaini Dam,70000000,0.844,59101084.34
2023-05-12,Sasumua Dam,15000000,0.849,12729610.43
2023-05-12,Ruiru Dam,12000000,0.977,11724798.57
2023-05-12,Thika Dam,9000000,0.932,8392421.4
2023-05-13,Ndakaini Dam,70000000,0.863,60376699.84
2023-05-13,Sasumua Dam,15000000,0.871,13064313.85
2023-05-13,Ruiru Dam,12000000,0.986,11833168.42
2023-05-13,Thika Dam,9000000,0.809,7281781.07
2023-05-14,Ndakaini Dam,70000000,0.923,64598657.88
2023-05-14,Sasumua Dam,15000000,0.702,10535985.06
2023-05-14,Ruiru Dam,12000000,0.926,11112823.04
2023-05-14,Thika Dam,9000000,0.911,8203107.36
2023-05-15,Ndakaini Dam,70000000,0.864,60507961.72
2023-05-15,Sasumua Dam,15000000,0.8,11998712.39
2023-05-15,Ruiru Dam,12000000,0.9,10795948.14
2023-05-15,Thika Dam,9000000,0.903,8125711.6
2023-05-16,Ndakaini Dam,70000000,0.778,54464730.31
2023-05-16,Sasumua Dam,15000000,0.788,11821520.73
2023-05-16,Ruiru Dam,12000000,0.95,11397208.67
2023-05-16,Thika Dam,9000000,0.844,7591914.83
2023-05-17,Ndakaini Dam,70000000,0.915,64062672.69
2023-05-17,Sasumua Dam,15000000,0.84,12599259.48
2023-05-17,Ruiru Dam,12000000,0.882,10586924.44
2023-05-17,Thika Dam,9000000,0.855,7694196.97
2023-05-18,Ndakaini Dam,70000000,0.788,55160906.01
2023-05-18,Sasumua Dam,15000000,0.703,10546990.13
2023-05-18,Ruiru Dam,12000000,0.873,10481000.69
2023-05-18,Thika Dam,9000000,0.828,7451882.43
2023-05-19,Ndakaini Dam,70000000,0.812,56807420.73
2023-05-19,Sasumua Dam,15000000,0.811,12162525.47
2023-05-19,Ruiru Dam,12000000,0.905,10860508.58
2023-05-19,Thika Dam,9000000,0.729,6561994.5
2023-05-20,Ndakaini Dam,70000000,0.823,57625793.43
2023-05-20,Sasumua Dam,15000000,0.847,12708922.06
2023-05-20,Ruiru Dam,12000000,0.925,11094423.61
2023-05-20,Thika Dam,9000000,0.785,7068481.85
2023-05-21,Ndakaini Dam,70000000,0.879,61545299.92
2023-05-21,Sasumua Dam,15000000,0.886,13290482.48
2023-05-21,Ruiru Dam,12000000,0.877,10524607.15
2023-05-21,Thika Dam,9000000,0.855,7698107.03
2023-05-22,Ndakaini Dam,70000000,0.875,61284186.12
2023-05-22,Sasumua Dam,15000000,0.772,11586584.84
2023-05-22,Ruiru Dam,12000000,0.84,10076019.8
2023-05-22,Thika Dam,9000000,0.899,8089573.8
2023-05-23,Ndakaini Dam,70000000,0.899,62912195.8
2023-05-23,Sasumua Dam,15000000,0.78,11706184.54
2023-05-23,Ruiru Dam,12000000,0.955,11459898.06
2023-05-23,Thika Dam,9000000,0.842,7578516.11
2023-05-24,Ndakaini Dam,70000000,0.903,63182233.07
2023-05-24,Sasumua Dam,15000000,0.703,10540009.41
2023-05-24,Ruiru Dam,12000000,0.872,10462537.35
2023-05-24,Thika Dam,9000000,0.891,8018681.57
2023-05-25,Ndakaini Dam,70000000,0.973,68098981.65
2023-05-25,Sasumua Dam,15000000,0.771,11561323.7
2023-05-25,Ruiru Dam,12000000,0.87,10438613.09
2023-05-25,Thika Dam,9000000,0.844,7599570.38
2023-05-26,Ndakaini Dam,70000000,0.855,59876656.71
2023-05-26,Sasumua Dam,15000000,0.815,12222478.01
2023-05-26,Ruiru Dam,12000000,0.78,9360642.78
2023-05-26,Thika Dam,9000000,0.796,7166076.67
2023-05-27,Ndakaini Dam,70000000,0.876,61343330.71
2023-05-27,Sasumua Dam,15000000,0.668,10025204.97
2023-05-27,Ruiru Dam,12000000,0.805,9662347.12
2023-05-27,Thika Dam,9000000,0.717,6456336.37
2023-05-28,Ndakaini Dam,70000000,0.866,60653222.84
2023-05-28,Sasumua Dam,15000000,0.737,11061865.59
2023-05-28,Ruiru Dam,12000000,0.824,9886684.43
2023-05-28,Thika Dam,9000000,0.807,7260187.17
2023-05-29,Ndakaini Dam,70000000,0.77,53883022.84
2023-05-29,Sasumua Dam,15000000,0.804,12065488.71
2023-05-29,Ruiru Dam,12000000,1.0,12000000.0
2023-05-29,Thika Dam,9000000,0.783,7050160.19
2023-05-30,Ndakaini Dam,70000000,0.732,51272071.64
2023-05-30,Sasumua Dam,15000000,0.757,11354470.87
2023-05-30,Ruiru Dam,12000000,0.904,10849291.11
2023-05-30,Thika Dam,9000000,0.819,7371995.0
2023-05-31,Ndakaini Dam,70000000,0.869,60853188.62
2023-05-31,Sasumua Dam,15000000,0.748,11215794.48
2023-05-31,Ruiru Dam,12000000,0.863,10360891.86
2023-05-31,Thika Dam,9000000,0.675,6073308.65
2023-06-01,Ndakaini Dam,70000000,0.856,59912218.64
2023-06-01,Sasumua Dam,15000000,0.71,10645166.95
2023-06-01,Ruiru Dam,12000000,0.885,10622270.74
2023-06-01,Thika Dam,9000000,0.752,6764618.57
2023-06-02,Ndakaini Dam,70000000,0.819,57301828.09
2023-06-02,Sasumua Dam,15000000,0.821,12312934.12
2023-06-02,Ruiru Dam,12000000,0.851,10212980.32
2023-06-02,Thika Dam,9000000,0.756,6803621.94
2023-06-03,Ndakaini Dam,70000000,0.821,57456204.98
2023-06-03,Sasumua Dam,15000000,0.739,11078244.94
2023-06-03,Ruiru Dam,12000000,0.824,9882997.51
2023-06-03,Thika Dam,9000000,0.884,7956030.54
2023-06-04,Ndakaini Dam,70000000,0.726,50795062.68
2023-06-04,Sasumua Dam,15000000,0.801,12016183.66
2023-06-04,Ruiru Dam,12000000,0.862,10339272.13
2023-06-04,Thika Dam,9000000,0.747,6723848.44
2023-06-05,Ndakaini Dam,70000000,0.833,58341350.34
2023-06-05,Sasumua Dam,15000000,0.768,11516970.93
2023-06-05,Ruiru Dam,12000000,0.932,11185251.86
2023-06-05,Thika Dam,9000000,0.729,6564174.38
2023-06-06,Ndakaini Dam,70000000,0.788,55156016.19
2023-06-06,Sasumua Dam,15000000,0.814,12214952.58
2023-06-06,Ruiru Dam,12000000,0.854,10242023.52
2023-06-06,Thika Dam,9000000,0.811,7299789.34
2023-06-07,Ndakaini Dam,70000000,0.872,61050047.87
2023-06-07,Sasumua Dam,15000000,0.79,11842694.73
2023-06-07,Ruiru Dam,12000000,0.831,9970161.49
2023-06-07,Thika Dam,9000000,0.764,6874684.33
2023-06-08,Ndakaini Dam,70000000,0.87,60914193.75
2023-06-08,Sasumua Dam,15000000,0.767,11501987.18
2023-06-08,Ruiru Dam,12000000,0.849,10186227.87
2023-06-08,Thika Dam,9000000,0.798,7183971.36
2023-06-09,Ndakaini Dam,70000000,0.742,51971135.37
2023-06-09,Sasumua Dam,15000000,0.745,11172278.29
2023-06-09,Ruiru Dam,12000000,0.853,10232752.92
2023-06-09,Thika Dam,9000000,0.772,6947208.41
2023-06-10,Ndakaini Dam,70000000,0.785,54918057.85
2023-06-10,Sasumua Dam,15000000,0.739,11082255.66
2023-06-10,Ruiru Dam,12000000,0.849,10182703.97
2023-06-10,Thika Dam,9000000,0.847,7625438.53
2023-06-11,Ndakaini Dam,70000000,0.692,48418095.15
2023-06-11,Sasumua Dam,15000000,0.787,11801857.35
2023-06-11,Ruiru Dam,12000000,0.848,10170043.0
2023-06-11,Thika Dam,9000000,0.769,6918765.96
2023-06-12,Ndakaini Dam,70000000,0.779,54537106.36
2023-06-12,Sasumua Dam,15000000,0.775,11617524.95
2023-06-12,Ruiru Dam,12000000,0.897,10763059.49
2023-06-12,Thika Dam,9000000,0.675,6071412.83
2023-06-13,Ndakaini Dam,70000000,0.902,63116412.04
2023-06-13,Sasumua Dam,15000000,0.754,11312582.12
2023-06-13,Ruiru Dam,12000000,0.852,10229404.3
2023-06-13,Thika Dam,9000000,0.697,6275297.34
2023-06-14,Ndakaini Dam,70000000,0.766,53616974.02
2023-06-14,Sasumua Dam,15000000,0.812,12186904.06
2023-06-14,Ruiru Dam,12000000,0.848,10175289.03
2023-06-14,Thika Dam,9000000,0.785,7067653.4
2023-06-15,Ndakaini Dam,70000000,0.769,53828251.39
2023-06-15,Sasumua Dam,15000000,0.841,12608594.5
2023-06-15,Ruiru Dam,12000000,0.834,10012458.65
2023-06-15,Thika Dam,9000000,0.819,7367041.3
2023-06-16,Ndakaini Dam,70000000,0.782,54739040.3
2023-06-16,Sasumua Dam,15000000,0.757,11353899.66
2023-06-16,Ruiru Dam,12000000,0.857,10285917.66
2023-06-16,Thika Dam,9000000,0.806,7252003.92
2023-06-17,Ndakaini Dam,70000000,0.824,57679431.56
2023-06-17,Sasumua Dam,15000000,0.713,10700248.11
2023-06-17,Ruiru Dam,12000000,0.895,10740063.06
2023-06-17,Thika Dam,9000000,0.708,6367917.62
2023-06-18,Ndakaini Dam,70000000,0.725,50775801.16
2023-06-18,Sasumua Dam,15000000,0.72,10799624.24
2023-06-18,Ruiru Dam,12000000,0.854,10250590.93
2023-06-18,Thika Dam,9000000,0.703,6330896.45
2023-06-19,Ndakaini Dam,70000000,0.778,54469564.7
2023-06-19,Sasumua Dam,15000000,0.663,9941848.72
2023-06-19,Ruiru Dam,12000000,0.819,9822600.71
2023-06-19,Thika Dam,9000000,0.801,7205579.79
2023-06-20,Ndakaini Dam,70000000,0.737,51612486.15
2023-06-20,Sasumua Dam,15000000,0.668,10026264.39
2023-06-20,Ruiru Dam,12000000,0.848,10181186.11
2023-06-20,Thika Dam,9000000,0.71,6391092.32
2023-06-21,Ndakaini Dam,70000000,0.898,62867532.62
2023-06-21,Sasumua Dam,15000000,0.737,11048465.24
2023-06-21,Ruiru Dam,12000000,0.878,10538356.18
2023-06-21,Thika Dam,9000000,0.681,6131081.31
2023-06-22,Ndakaini Dam,70000000,0.797,55810263.97
2023-06-22,Sasumua Dam,15000000,0.674,10111744.91
2023-06-22,Ruiru Dam,12000000,0.815,9785587.71
2023-06-22,Thika Dam,9000000,0.707,6361267.64
2023-06-23,Ndakaini Dam,70000000,0.824,57669859.36
2023-06-23,Sasumua Dam,15000000,0.738,11068911.9
2023-06-23,Ruiru Dam,12000000,0.828,9932884.7
2023-06-23,Thika Dam,9000000,0.81,7289306.76
2023-06-24,Ndakaini Dam,70000000,0.77,53907384.84
2023-06-24,Sasumua Dam,15000000,0.771,11562473.5
2023-06-24,Ruiru Dam,12000000,0.909,10912104.49
2023-06-24,Thika Dam,9000000,0.746,6716876.99
2023-06-25,Ndakaini Dam,70000000,0.78,54580791.6
2023-06-25,Sasumua Dam,15000000,0.764,11467142.72
2023-06-25,Ruiru Dam,12000000,0.889,10663039.62
2023-06-25,Thika Dam,9000000,0.743,6688431.7
2023-06-26,Ndakaini Dam,70000000,0.732,51261616.1
2023-06-26,Sasumua Dam,15000000,0.758,11362633.63
2023-06-26,Ruiru Dam,12000000,0.843,10113170.52
2023-06-26,Thika Dam,9000000,0.777,6993254.0
2023-06-27,Ndakaini Dam,70000000,0.797,55758153.31
2023-06-27,Sasumua Dam,15000000,0.722,10829194.45
2023-06-27,Ruiru Dam,12000000,0.825,9898050.97
2023-06-27,Thika Dam,9000000,0.767,6900482.03
2023-06-28,Ndakaini Dam,70000000,0.687,48058893.54
2023-06-28,Sasumua Dam,15000000,0.776,11632740.21
2023-06-28,Ruiru Dam,12000000,0.832,9978371.21
2023-06-28,Thika Dam,9000000,0.687,6180527.0
2023-06-29,Ndakaini Dam,70000000,0.766,53599632.37
2023-06-29,Sasumua Dam,15000000,0.772,11585742.59
2023-06-29,Ruiru Dam,12000000,0.821,9851606.1
2023-06-29,Thika Dam,9000000,0.69,6208654.6
2023-06-30,Ndakaini Dam,70000000,0.69,48310370.3
2023-06-30,Sasumua Dam,15000000,0.827,12406761.39
2023-06-30,Ruiru Dam,12000000,0.717,8603123.64
2023-06-30,Thika Dam,9000000,0.741,6666465.95
2023-07-01,Ndakaini Dam,70000000,0.722,50537522.17
2023-07-01,Sasumua Dam,15000000,0.753,11301195.82
2023-07-01,Ruiru Dam,12000000,0.74,8885707.98
2023-07-01,Thika Dam,9000000,0.802,7215386.21
2023-07-02,Ndakaini Dam,70000000,0.742,51971910.34
2023-07-02,Sasumua Dam,15000000,0.688,10315526.49
2023-07-02,Ruiru Dam,12000000,0.783,9396548.61
2023-07-02,Thika Dam,9000000,0.689,6201713.43
2023-07-03,Ndakaini Dam,70000000,0.728,50938452.6
2023-07-03,Sasumua Dam,15000000,0.732,10980673.99
2023-07-03,Ruiru Dam,12000000,0.71,8520489.19
2023-07-03,Thika Dam,9000000,0.679,6108103.04
2023-07-04,Ndakaini Dam,70000000,0.818,57281254.25
2023-07-04,Sasumua Dam,15000000,0.689,10335376.57
2023-07-04,Ruiru Dam,12000000,0.765,9179100.73
2023-07-04,Thika Dam,9000000,0.65,5848266.49
2023-07-05,Ndakaini Dam,70000000,0.682,47771946.45
2023-07-05,Sasumua Dam,15000000,0.74,11101173.24
2023-07-05,Ruiru Dam,12000000,0.75,8998045.76
2023-07-05,Thika Dam,9000000,0.751,6760752.27
2023-07-06,Ndakaini Dam,70000000,0.689,48255640.77
2023-07-06,Sasumua Dam,15000000,0.682,10231570.88
2023-07-06,Ruiru Dam,12000000,0.785,9419251.61
2023-07-06,Thika Dam,9000000,0.671,6036383.18
2023-07-07,Ndakaini Dam,70000000,0.74,51776713.55
2023-07-07,Sasumua Dam,15000000,0.58,8700367.14
2023-07-07,Ruiru Dam,12000000,0.781,9376726.47
2023-07-07,Thika Dam,9000000,0.728,6552699.92
2023-07-08,Ndakaini Dam,70000000,0.692,48405281.09
2023-07-08,Sasumua Dam,15000000,0.694,10408518.38
2023-07-08,Ruiru Dam,12000000,0.791,9491100.27
2023-07-08,Thika Dam,9000000,0.713,6416402.34
2023-07-09,Ndakaini Dam,70000000,0.663,46441282.11
2023-07-09,Sasumua Dam,15000000,0.685,10281694.85
2023-07-09,Ruiru Dam,12000000,0.695,8334885.93
2023-07-09,Thika Dam,9000000,0.669,6022941.35
2023-07-10,Ndakaini Dam,70000000,0.728,50955598.8
2023-07-10,Sasumua Dam,15000000,0.689,10328209.42
2023-07-10,Ruiru Dam,12000000,0.718,8611979.39
2023-07-10,Thika Dam,9000000,0.684,6155294.48
2023-07-11,Ndakaini Dam,70000000,0.765,53571440.31
2023-07-11,Sasumua Dam,15000000,0.627,9398917.46
2023-07-11,Ruiru Dam,12000000,0.668,8014765.35
2023-07-11,Thika Dam,9000000,0.722,6498515.96
2023-07-12,Ndakaini Dam,70000000,0.676,47314724.02
2023-07-12,Sasumua Dam,15000000,0.641,9616204.31
2023-07-12,Ruiru Dam,12000000,0.78,9354781.32
2023-07-12,Thika Dam,9000000,0.697,6272081.49
2023-07-13,Ndakaini Dam,70000000,0.772,54010324.64
2023-07-13,Sasumua Dam,15000000,0.658,9876103.43
2023-07-13,Ruiru Dam,12000000,0.774,9286972.03
2023-07-13,Thika Dam,9000000,0.606,5452682.69
2023-07-14,Ndakaini Dam,70000000,0.749,52456781.53
2023-07-14,Sasumua Dam,15000000,0.633,9501040.02
2023-07-14,Ruiru Dam,12000000,0.93,11154302.7
2023-07-14,Thika Dam,9000000,0.677,6095624.57
2023-07-15,Ndakaini Dam,70000000,0.737,51567173.26
2023-07-15,Sasumua Dam,15000000,0.697,10460092.98
2023-07-15,Ruiru Dam,12000000,0.761,9132245.65
2023-07-15,Thika Dam,9000000,0.707,6365629.42
2023-07-16,Ndakaini Dam,70000000,0.826,57800334.47
2023-07-16,Sasumua Dam,15000000,0.625,9378885.46
2023-07-16,Ruiru Dam,12000000,0.651,7809398.9
2023-07-16,Thika Dam,9000000,0.618,5560217.35
2023-07-17,Ndakaini Dam,70000000,0.76,53221927.55
2023-07-17,Sasumua Dam,15000000,0.636,9547459.43
2023-07-17,Ruiru Dam,12000000,0.877,10524549.12
2023-07-17,Thika Dam,9000000,0.717,6451252.55
2023-07-18,Ndakaini Dam,70000000,0.675,47271988.21
2023-07-18,Sasumua Dam,15000000,0.619,9285593.14
2023-07-18,Ruiru Dam,12000000,0.736,8827824.33
2023-07-18,Thika Dam,9000000,0.575,5172672.38
2023-07-19,Ndakaini Dam,70000000,0.719,50356620.38
2023-07-19,Sasumua Dam,15000000,0.69,10352538.53
2023-07-19,Ruiru Dam,12000000,0.707,8485519.27
2023-07-19,Thika Dam,9000000,0.598,5381227.94
2023-07-20,Ndakaini Dam,70000000,0.658,46025431.59
2023-07-20,Sasumua Dam,15000000,0.703,10543429.62
2023-07-20,Ruiru Dam,12000000,0.793,9518339.97
2023-07-20,Thika Dam,9000000,0.684,6154207.21
2023-07-21,Ndakaini Dam,70000000,0.783,54787755.66
2023-07-21,Sasumua Dam,15000000,0.566,8492015.02
2023-07-21,Ruiru Dam,12000000,0.74,8882037.78
2023-07-21,Thika Dam,9000000,0.699,6287395.84
2023-07-22,Ndakaini Dam,70000000,0.738,51635262.52
2023-07-22,Sasumua Dam,15000000,0.688,10325188.48
2023-07-22,Ruiru Dam,12000000,0.784,9412248.42
2023-07-22,Thika Dam,9000000,0.734,6607195.1
2023-07-23,Ndakaini Dam,70000000,0.734,51366095.3
2023-07-23,Sasumua Dam,15000000,0.588,8820333.24
2023-07-23,Ruiru Dam,12000000,0.723,8676013.08
2023-07-23,Thika Dam,9000000,0.581,5228823.82
2023-07-24,Ndakaini Dam,70000000,0.743,52021167.38
2023-07-24,Sasumua Dam,15000000,0.703,10546094.81
2023-07-24,Ruiru Dam,12000000,0.682,8187903.4
2023-07-24,Thika Dam,9000000,0.644,5799107.77
2023-07-25,Ndakaini Dam,70000000,0.603,42223314.24
2023-07-25,Sasumua Dam,15000000,0.635,9523660.6
2023-07-25,Ruiru Dam,12000000,0.7,8395339.8
2023-07-25,Thika Dam,9000000,0.603,5423183.92
2023-07-26,Ndakaini Dam,70000000,0.687,48115081.96
2023-07-26,Sasumua Dam,15000000,0.733,10990335.51
2023-07-26,Ruiru Dam,12000000,0.778,9340228.81
2023-07-26,Thika Dam,9000000,0.646,5814088.66
2023-07-27,Ndakaini Dam,70000000,0.684,47867494.9
2023-07-27,Sasumua Dam,15000000,0.73,10952492.32
2023-07-27,Ruiru Dam,12000000,0.799,9590182.89
2023-07-27,Thika Dam,9000000,0.641,5766451.04
2023-07-28,Ndakaini Dam,70000000,0.709,49628672.29
2023-07-28,Sasumua Dam,15000000,0.584,8759889.07
2023-07-28,Ruiru Dam,12000000,0.735,8821921.21
2023-07-28,Thika Dam,9000000,0.692,6229195.74
2023-07-29,Ndakaini Dam,70000000,0.733,51284207.76
2023-07-29,Sasumua Dam,15000000,0.6,8994109.35
2023-07-29,Ruiru Dam,12000000,0.782,9380421.92
2023-07-29,Thika Dam,9000000,0.659,5931324.25
2023-07-30,Ndakaini Dam,70000000,0.665,46542972.32
2023-07-30,Sasumua Dam,15000000,0.725,10871851.62
2023-07-30,Ruiru Dam,12000000,0.711,8535710.04
2023-07-30,Thika Dam,9000000,0.594,5345350.56
2023-07-31,Ndakaini Dam,70000000,0.643,45040619.51
2023-07-31,Sasumua Dam,15000000,0.663,9950133.03
2023-07-31,Ruiru Dam,12000000,0.678,8132685.73
2023-07-31,Thika Dam,9000000,0.689,6196745.49
2023-08-01,Ndakaini Dam,70000000,0.632,44249769.11
2023-08-01,Sasumua Dam,15000000,0.621,9315901.28
2023-08-01,Ruiru Dam,12000000,0.835,10023852.94
2023-08-01,Thika Dam,9000000,0.601,5406198.45
2023-08-02,Ndakaini Dam,70000000,0.572,40011147.67
2023-08-02,Sasumua Dam,15000000,0.691,10364476.36
2023-08-02,Ruiru Dam,12000000,0.653,7830898.47
2023-08-02,Thika Dam,9000000,0.602,5417732.45
2023-08-03,Ndakaini Dam,70000000,0.707,49477899.22
2023-08-03,Sasumua Dam,15000000,0.655,9822368.14
2023-08-03,Ruiru Dam,12000000,0.602,7220304.71
2023-08-03,Thika Dam,9000000,0.623,5609123.24
2023-08-04,Ndakaini Dam,70000000,0.711,49757651.15
2023-08-04,Sasumua Dam,15000000,0.72,10794595.57
2023-08-04,Ruiru Dam,12000000,0.656,7875264.93
2023-08-04,Thika Dam,9000000,0.692,6224587.75
2023-08-05,Ndakaini Dam,70000000,0.633,44307338.15
2023-08-05,Sasumua Dam,15000000,0.668,10022143.1
2023-08-05,Ruiru Dam,12000000,0.664,7968533.45
2023-08-05,Thika Dam,9000000,0.625,5621038.69
2023-08-06,Ndakaini Dam,70000000,0.683,47831313.9
2023-08-06,Sasumua Dam,15000000,0.662,9924695.53
2023-08-06,Ruiru Dam,12000000,0.742,8909394.88
2023-08-06,Thika Dam,9000000,0.612,5512253.89
2023-08-07,Ndakaini Dam,70000000,0.637,44570329.02
2023-08-07,Sasumua Dam,15000000,0.701,10511719.4
2023-08-07,Ruiru Dam,12000000,0.726,8708304.97
2023-08-07,Thika Dam,9000000,0.608,5472526.42
2023-08-08,Ndakaini Dam,70000000,0.687,48066136.46
2023-08-08,Sasumua Dam,15000000,0.641,9613468.61
2023-08-08,Ruiru Dam,12000000,0.642,7705025.14
2023-08-08,Thika Dam,9000000,0.654,5886630.93
2023-08-09,Ndakaini Dam,70000000,0.582,40767067.84
2023-08-09,Sasumua Dam,15000000,0.575,8631969.84
2023-08-09,Ruiru Dam,12000000,0.658,7900718.27
2023-08-09,Thika Dam,9000000,0.621,5591236.94
2023-08-10,Ndakaini Dam,70000000,0.634,44368140.52
2023-08-10,Sasumua Dam,15000000,0.596,8935166.36
2023-08-10,Ruiru Dam,12000000,0.611,7331333.59
2023-08-10,Thika Dam,9000000,0.622,5596915.19
2023-08-11,Ndakaini Dam,70000000,0.599,41903918.42
2023-08-11,Sasumua Dam,15000000,0.718,10768011.47
2023-08-11,Ruiru Dam,12000000,0.684,8204517.58
2023-08-11,Thika Dam,9000000,0.611,5497211.02
2023-08-12,Ndakaini Dam,70000000,0.686,48053522.15
2023-08-12,Sasumua Dam,15000000,0.668,10017768.45
2023-08-12,Ruiru Dam,12000000,0.643,7714148.09
2023-08-12,Thika Dam,9000000,0.65,5853409.85
2023-08-13,Ndakaini Dam,70000000,0.698,48867274.53
2023-08-13,Sasumua Dam,15000000,0.609,9135351.75
2023-08-13,Ruiru Dam,12000000,0.708,8496260.22
2023-08-13,Thika Dam,9000000,0.594,5347739.78
2023-08-14,Ndakaini Dam,70000000,0.632,44224251.95
2023-08-14,Sasumua Dam,15000000,0.592,8887430.32
2023-08-14,Ruiru Dam,12000000,0.677,8119056.39
2023-08-14,Thika Dam,9000000,0.662,5960589.8
2023-08-15,Ndakaini Dam,70000000,0.602,42169081.19
2023-08-15,Sasumua Dam,15000000,0.639,9581724.23
2023-08-15,Ruiru Dam,12000000,0.762,9148773.61
2023-08-15,Thika Dam,9000000,0.634,5710493.2
2023-08-16,Ndakaini Dam,70000000,0.555,38828167.75
2023-08-16,Sasumua Dam,15000000,0.625,9371584.64
2023-08-16,Ruiru Dam,12000000,0.662,7943719.9
2023-08-16,Thika Dam,9000000,0.588,5290015.67
2023-08-17,Ndakaini Dam,70000000,0.66,46231253.71
2023-08-17,Sasumua Dam,15000000,0.648,9714281.87
2023-08-17,Ruiru Dam,12000000,0.609,7311355.93
2023-08-17,Thika Dam,9000000,0.615,5537043.85
2023-08-18,Ndakaini Dam,70000000,0.74,51810758.62
2023-08-18,Sasumua Dam,15000000,0.536,8034259.79
2023-08-18,Ruiru Dam,12000000,0.681,8166551.44
2023-08-18,Thika Dam,9000000,0.58,5217901.0
2023-08-19,Ndakaini Dam,70000000,0.674,47178806.25
2023-08-19,Sasumua Dam,15000000,0.526,7894392.4
2023-08-19,Ruiru Dam,12000000,0.61,7323510.81
2023-08-19,Thika Dam,9000000,0.65,5853766.71
2023-08-20,Ndakaini Dam,70000000,0.649,45432302.34
2023-08-20,Sasumua Dam,15000000,0.528,7916853.53
2023-08-20,Ruiru Dam,12000000,0.684,8204116.28
2023-08-20,Thika Dam,9000000,0.543,4887075.02
2023-08-21,Ndakaini Dam,70000000,0.682,47707162.82
2023-08-21,Sasumua Dam,15000000,0.599,8989965.72
2023-08-21,Ruiru Dam,12000000,0.65,7796203.7
2023-08-21,Thika Dam,9000000,0.576,5187680.97
2023-08-22,Ndakaini Dam,70000000,0.611,42756539.42
2023-08-22,Sasumua Dam,15000000,0.53,7950253.88
2023-08-22,Ruiru Dam,12000000,0.751,9009199.62
2023-08-22,Thika Dam,9000000,0.662,5957320.89
2023-08-23,Ndakaini Dam,70000000,0.612,42846256.01
2023-08-23,Sasumua Dam,15000000,0.566,8496406.28
2023-08-23,Ruiru Dam,12000000,0.626,7512072.28
2023-08-23,Thika Dam,9000000,0.594,5347094.66
2023-08-24,Ndakaini Dam,70000000,0.655,45852440.08
2023-08-24,Sasumua Dam,15000000,0.64,9594483.35
2023-08-24,Ruiru Dam,12000000,0.636,7629192.64
2023-08-24,Thika Dam,9000000,0.516,4647019.76
2023-08-25,Ndakaini Dam,70000000,0.579,40506942.82
2023-08-25,Sasumua Dam,15000000,0.607,9102581.14
2023-08-25,Ruiru Dam,12000000,0.677,8122230.61
2023-08-25,Thika Dam,9000000,0.649,5837824.44
2023-08-26,Ndakaini Dam,70000000,0.63,44071910.18
2023-08-26,Sasumua Dam,15000000,0.658,9874568.94
2023-08-26,Ruiru Dam,12000000,0.598,7178836.26
2023-08-26,Thika Dam,9000000,0.473,4257001.7
2023-08-27,Ndakaini Dam,70000000,0.694,48559559.64
2023-08-27,Sasumua Dam,15000000,0.536,8043862.94
2023-08-27,Ruiru Dam,12000000,0.683,8195116.93
2023-08-27,Thika Dam,9000000,0.603,5424897.36
2023-08-28,Ndakaini Dam,70000000,0.641,44866643.55
2023-08-28,Sasumua Dam,15000000,0.551,8263874.84
2023-08-28,Ruiru Dam,12000000,0.627,7524214.27
2023-08-28,Thika Dam,9000000,0.543,4887158.38
2023-08-29,Ndakaini Dam,70000000,0.653,45737708.14
2023-08-29,Sasumua Dam,15000000,0.612,9176813.62
2023-08-29,Ruiru Dam,12000000,0.661,7928497.79
2023-08-29,Thika Dam,9000000,0.563,5070354.09
2023-08-30,Ndakaini Dam,70000000,0.65,45519965.48
2023-08-30,Sasumua Dam,15000000,0.498,7466558.29
2023-08-30,Ruiru Dam,12000000,0.769,9232038.96
2023-08-30,Thika Dam,9000000,0.614,5530234.16
2023-08-31,Ndakaini Dam,70000000,0.613,42878844.96
2023-08-31,Sasumua Dam,15000000,0.612,9180356.25
2023-08-31,Ruiru Dam,12000000,0.702,8424742.38
2023-08-31,Thika Dam,9000000,0.602,5420532.63
2023-09-01,Ndakaini Dam,70000000,0.525,36731189.76
2023-09-01,Sasumua Dam,15000000,0.59,8846873.35
2023-09-01,Ruiru Dam,12000000,0.742,8904460.11
2023-09-01,Thika Dam,9000000,0.561,5053348.01
2023-09-02,Ndakaini Dam,70000000,0.666,46615143.38
2023-09-02,Sasumua Dam,15000000,0.61,9156749.12
2023-09-02,Ruiru Dam,12000000,0.683,8192422.51
2023-09-02,Thika Dam,9000000,0.597,5368557.7
2023-09-03,Ndakaini Dam,70000000,0.645,45134857.33
2023-09-03,Sasumua Dam,15000000,0.588,8813744.97
2023-09-03,Ruiru Dam,12000000,0.761,9136013.06
2023-09-03,Thika Dam,9000000,0.635,5716162.46
2023-09-04,Ndakaini Dam,70000000,0.651,45568580.81
2023-09-04,Sasumua Dam,15000000,0.618,9277256.67
2023-09-04,Ruiru Dam,12000000,0.701,8412167.98
2023-09-04,Thika Dam,9000000,0.482,4334249.35
2023-09-05,Ndakaini Dam,70000000,0.609,42606125.48
2023-09-05,Sasumua Dam,15000000,0.534,8002772.43
2023-09-05,Ruiru Dam,12000000,0.681,8170741.26
2023-09-05,Thika Dam,9000000,0.557,5009949.72
2023-09-06,Ndakaini Dam,70000000,0.643,45007565.08
2023-09-06,Sasumua Dam,15000000,0.542,8135300.92
2023-09-06,Ruiru Dam,12000000,0.748,8979521.61
2023-09-06,Thika Dam,9000000,0.666,5993215.29
2023-09-07,Ndakaini Dam,70000000,0.54,37801792.22
2023-09-07,Sasumua Dam,15000000,0.579,8677590.46
2023-09-07,Ruiru Dam,12000000,0.639,7671221.78
2023-09-07,Thika Dam,9000000,0.595,5354668.44
2023-09-08,Ndakaini Dam,70000000,0.641,44848360.49
2023-09-08,Sasumua Dam,15000000,0.497,7461282.07
2023-09-08,Ruiru Dam,12000000,0.613,7352113.46
2023-09-08,Thika Dam,9000000,0.539,4850082.95
2023-09-09,Ndakaini Dam,70000000,0.583,40797435.81
2023-09-09,Sasumua Dam,15000000,0.534,8014180.02
2023-09-09,Ruiru Dam,12000000,0.7,8402756.14
2023-09-09,Thika Dam,9000000,0.592,5323643.83
2023-09-10,Ndakaini Dam,70000000,0.566,39613702.37
2023-09-10,Sasumua Dam,15000000,0.543,8152297.42
2023-09-10,Ruiru Dam,12000000,0.541,6491810.58
2023-09-10,Thika Dam,9000000,0.68,6124081.77
2023-09-11,Ndakaini Dam,70000000,0.609,42664249.68
2023-09-11,Sasumua Dam,15000000,0.608,9123239.79
2023-09-11,Ruiru Dam,12000000,0.698,8378932.62
2023-09-11,Thika Dam,9000000,0.577,5191041.97
2023-09-12,Ndakaini Dam,70000000,0.489,34205516.31
2023-09-12,Sasumua Dam,15000000,0.53,7947738.95
2023-09-12,Ruiru Dam,12000000,0.675,8105117.95
2023-09-12,Thika Dam,9000000,0.581,5226941.03
2023-09-13,Ndakaini Dam,70000000,0.659,46127661.03
2023-09-13,Sasumua Dam,15000000,0.557,8352746.75
2023-09-13,Ruiru Dam,12000000,0.749,8988613.41
2023-09-13,Thika Dam,9000000,0.524,4715690.58
2023-09-14,Ndakaini Dam,70000000,0.632,44245343.05
2023-09-14,Sasumua Dam,15000000,0.505,7571184.51
2023-09-14,Ruiru Dam,12000000,0.702,8422757.52
2023-09-14,Thika Dam,9000000,0.539,4846835.07
2023-09-15,Ndakaini Dam,70000000,0.518,36235536.71
2023-09-15,Sasumua Dam,15000000,0.481,7217454.36
2023-09-15,Ruiru Dam,12000000,0.632,7582512.97
2023-09-15,Thika Dam,9000000,0.653,5880701.26
2023-09-16,Ndakaini Dam,70000000,0.642,44931522.27
2023-09-16,Sasumua Dam,15000000,0.577,8657303.88
2023-09-16,Ruiru Dam,12000000,0.652,7818672.6
2023-09-16,Thika Dam,9000000,0.518,4666441.92
2023-09-17,Ndakaini Dam,70000000,0.558,39027939.49
2023-09-17,Sasumua Dam,15000000,0.527,7898920.48
2023-09-17,Ruiru Dam,12000000,0.622,7464771.43
2023-09-17,Thika Dam,9000000,0.541,4872094.06
2023-09-18,Ndakaini Dam,70000000,0.556,38921941.81
2023-09-18,Sasumua Dam,15000000,0.554,8308537.19
2023-09-18,Ruiru Dam,12000000,0.616,7392427.32
2023-09-18,Thika Dam,9000000,0.63,5671621.69
2023-09-19,Ndakaini Dam,70000000,0.659,46139563.78
2023-09-19,Sasumua Dam,15000000,0.583,8746634.34
2023-09-19,Ruiru Dam,12000000,0.677,8128044.06
2023-09-19,Thika Dam,9000000,0.495,4459030.91
2023-09-20,Ndakaini Dam,70000000,0.717,50197160.16
2023-09-20,Sasumua Dam,15000000,0.538,8077220.46
2023-09-20,Ruiru Dam,12000000,0.692,8306960.37
2023-09-20,Thika Dam,9000000,0.614,5527885.64
2023-09-21,Ndakaini Dam,70000000,0.55,38503319.79
2023-09-21,Sasumua Dam,15000000,0.521,7810730.81
2023-09-21,Ruiru Dam,12000000,0.672,8064039.39
2023-09-21,Thika Dam,9000000,0.495,4453236.84
2023-09-22,Ndakaini Dam,70000000,0.597,41806072.53
2023-09-22,Sasumua Dam,15000000,0.432,6479148.49
2023-09-22,Ruiru Dam,12000000,0.652,7826460.95
2023-09-22,Thika Dam,9000000,0.64,5764126.0
2023-09-23,Ndakaini Dam,70000000,0.601,42084883.93
2023-09-23,Sasumua Dam,15000000,0.478,7172552.62
2023-09-23,Ruiru Dam,12000000,0.624,7484276.37
2023-09-23,Thika Dam,9000000,0.602,5418798.37
2023-09-24,Ndakaini Dam,70000000,0.609,42654580.79
2023-09-24,Sasumua Dam,15000000,0.574,8604121.56
2023-09-24,Ruiru Dam,12000000,0.642,7708781.45
2023-09-24,Thika Dam,9000000,0.533,4794511.8
2023-09-25,Ndakaini Dam,70000000,0.607,42490369.71
2023-09-25,Sasumua Dam,15000000,0.554,8311970.02
2023-09-25,Ruiru Dam,12000000,0.702,8425114.16
2023-09-25,Thika Dam,9000000,0.547,4925165.41
2023-09-26,Ndakaini Dam,70000000,0.603,42205679.49
2023-09-26,Sasumua Dam,15000000,0.543,8148603.69
2023-09-26,Ruiru Dam,12000000,0.764,9170392.27
2023-09-26,Thika Dam,9000000,0.533,4795661.86
2023-09-27,Ndakaini Dam,70000000,0.581,40675682.02
2023-09-27,Sasumua Dam,15000000,0.502,7536612.27
2023-09-27,Ruiru Dam,12000000,0.716,8586050.1
2023-09-27,Thika Dam,9000000,0.639,5752891.57
2023-09-28,Ndakaini Dam,70000000,0.589,41252619.67
2023-09-28,Sasumua Dam,15000000,0.609,9141716.0
2023-09-28,Ruiru Dam,12000000,0.667,7998877.47
2023-09-28,Thika Dam,9000000,0.605,5447421.69
2023-09-29,Ndakaini Dam,70000000,0.55,38522776.62
2023-09-29,Sasumua Dam,15000000,0.558,8372054.13
2023-09-29,Ruiru Dam,12000000,0.744,8924239.13
2023-09-29,Thika Dam,9000000,0.644,5795466.19
2023-09-30,Ndakaini Dam,70000000,0.64,44819424.35
2023-09-30,Sasumua Dam,15000000,0.598,8963484.96
2023-09-30,Ruiru Dam,12000000,0.772,9259955.09
2023-09-30,Thika Dam,9000000,0.609,5483707.32
2023-10-01,Ndakaini Dam,70000000,0.567,39684206.07
2023-10-01,Sasumua Dam,15000000,0.611,9159779.07
2023-10-01,Ruiru Dam,12000000,0.646,7755432.56
2023-10-01,Thika Dam,9000000,0.594,5349961.59
2023-10-02,Ndakaini Dam,70000000,0.606,42417159.46
2023-10-02,Sasumua Dam,15000000,0.515,7718931.38
2023-10-02,Ruiru Dam,12000000,0.665,7985517.14
2023-10-02,Thika Dam,9000000,0.618,5565406.07
2023-10-03,Ndakaini Dam,70000000,0.637,44593519.61
2023-10-03,Sasumua Dam,15000000,0.574,8611635.31
2023-10-03,Ruiru Dam,12000000,0.64,7680963.83
2023-10-03,Thika Dam,9000000,0.487,4384477.23
2023-10-04,Ndakaini Dam,70000000,0.598,41850546.04
2023-10-04,Sasumua Dam,15000000,0.578,8669236.88
2023-10-04,Ruiru Dam,12000000,0.542,6507528.78
2023-10-04,Thika Dam,9000000,0.567,5101960.27
2023-10-05,Ndakaini Dam,70000000,0.596,41696224.98
2023-10-05,Sasumua Dam,15000000,0.505,7570018.75
2023-10-05,Ruiru Dam,12000000,0.688,8261065.08
2023-10-05,Thika Dam,9000000,0.618,5558497.61
2023-10-06,Ndakaini Dam,70000000,0.691,48392337.82
2023-10-06,Sasumua Dam,15000000,0.549,8238033.69
2023-10-06,Ruiru Dam,12000000,0.715,8582252.91
2023-10-06,Thika Dam,9000000,0.53,4766844.91
2023-10-07,Ndakaini Dam,70000000,0.582,40761545.67
2023-10-07,Sasumua Dam,15000000,0.585,8772620.57
2023-10-07,Ruiru Dam,12000000,0.618,7416787.02
2023-10-07,Thika Dam,9000000,0.563,5064826.51
2023-10-08,Ndakaini Dam,70000000,0.643,45020112.91
2023-10-08,Sasumua Dam,15000000,0.551,8262964.52
2023-10-08,Ruiru Dam,12000000,0.605,7262217.16
2023-10-08,Thika Dam,9000000,0.542,4875201.49
2023-10-09,Ndakaini Dam,70000000,0.588,41148820.34
2023-10-09,Sasumua Dam,15000000,0.581,8713313.27
2023-10-09,Ruiru Dam,12000000,0.635,7623167.6
2023-10-09,Thika Dam,9000000,0.449,4041528.91
2023-10-10,Ndakaini Dam,70000000,0.641,44884790.69
2023-10-10,Sasumua Dam,15000000,0.584,8762546.77
2023-10-10,Ruiru Dam,12000000,0.599,7183445.79
2023-10-10,Thika Dam,9000000,0.515,4637091.51
2023-10-11,Ndakaini Dam,70000000,0.67,46891850.92
2023-10-11,Sasumua Dam,15000000,0.54,8104486.4
2023-10-11,Ruiru Dam,12000000,0.69,8280092.56
2023-10-11,Thika Dam,9000000,0.538,4838673.29
2023-10-12,Ndakaini Dam,70000000,0.636,44489746.64
2023-10-12,Sasumua Dam,15000000,0.507,7599920.72
2023-10-12,Ruiru Dam,12000000,0.674,8087019.37
2023-10-12,Thika Dam,9000000,0.591,5315839.18
2023-10-13,Ndakaini Dam,70000000,0.5,35006514.17
2023-10-13,Sasumua Dam,15000000,0.56,8392824.26
2023-10-13,Ruiru Dam,12000000,0.617,7408704.32
2023-10-13,Thika Dam,9000000,0.628,5651757.08
2023-10-14,Ndakaini Dam,70000000,0.616,43095130.45
2023-10-14,Sasumua Dam,15000000,0.542,8122798.81
2023-10-14,Ruiru Dam,12000000,0.73,8757931.25
2023-10-14,Thika Dam,9000000,0.479,4308516.79
2023-10-15,Ndakaini Dam,70000000,0.701,49059852.23
2023-10-15,Sasumua Dam,15000000,0.648,9723944.13
2023-10-15,Ruiru Dam,12000000,0.635,7620071.4
2023-10-15,Thika Dam,9000000,0.619,5570192.62
2023-10-16,Ndakaini Dam,70000000,0.629,44058505.97
2023-10-16,Sasumua Dam,15000000,0.431,6463193.07
2023-10-16,Ruiru Dam,12000000,0.65,7794754.55
2023-10-16,Thika Dam,9000000,0.512,4606979.76
2023-10-17,Ndakaini Dam,70000000,0.538,37661348.45
2023-10-17,Sasumua Dam,15000000,0.542,8122605.27
2023-10-17,Ruiru Dam,12000000,0.643,7718894.98
2023-10-17,Thika Dam,9000000,0.637,5729592.3
2023-10-18,Ndakaini Dam,70000000,0.569,39825804.38
2023-10-18,Sasumua Dam,15000000,0.537,8052359.39
2023-10-18,Ruiru Dam,12000000,0.725,8699177.88
2023-10-18,Thika Dam,9000000,0.567,5106417.2
2023-10-19,Ndakaini Dam,70000000,0.582,40717904.98
2023-10-19,Sasumua Dam,15000000,0.6,9002764.82
2023-10-19,Ruiru Dam,12000000,0.684,8206477.6
2023-10-19,Thika Dam,9000000,0.582,5241041.77
2023-10-20,Ndakaini Dam,70000000,0.654,45805419.25
2023-10-20,Sasumua Dam,15000000,0.496,7436654.23
2023-10-20,Ruiru Dam,12000000,0.629,7548796.45
2023-10-20,Thika Dam,9000000,0.678,6102696.52
2023-10-21,Ndakaini Dam,70000000,0.457,32010911.6
2023-10-21,Sasumua Dam,15000000,0.525,7880709.63
2023-10-21,Ruiru Dam,12000000,0.6,7198196.94
2023-10-21,Thika Dam,9000000,0.583,5243152.56
2023-10-22,Ndakaini Dam,70000000,0.64,44811995.56
2023-10-22,Sasumua Dam,15000000,0.615,9229087.69
2023-10-22,Ruiru Dam,12000000,0.639,7672862.66
2023-10-22,Thika Dam,9000000,0.534,4804065.97
2023-10-23,Ndakaini Dam,70000000,0.538,37681368.18
2023-10-23,Sasumua Dam,15000000,0.563,8448974.93
2023-10-23,Ruiru Dam,12000000,0.767,9206804.17
2023-10-23,Thika Dam,9000000,0.551,4963355.09
2023-10-24,Ndakaini Dam,70000000,0.608,42578569.59
2023-10-24,Sasumua Dam,15000000,0.569,8529958.52
2023-10-24,Ruiru Dam,12000000,0.641,7688543.46
2023-10-24,Thika Dam,9000000,0.653,5877149.89
2023-10-25,Ndakaini Dam,70000000,0.673,47134283.74
2023-10-25,Sasumua Dam,15000000,0.604,9056912.38
2023-10-25,Ruiru Dam,12000000,0.711,8530890.03
2023-10-25,Thika Dam,9000000,0.549,4937571.64
2023-10-26,Ndakaini Dam,70000000,0.557,38958706.04
2023-10-26,Sasumua Dam,15000000,0.53,7951215.18
2023-10-26,Ruiru Dam,12000000,0.678,8135623.11
2023-10-26,Thika Dam,9000000,0.568,5109473.04
2023-10-27,Ndakaini Dam,70000000,0.644,45045695.93
2023-10-27,Sasumua Dam,15000000,0.57,8556995.07
2023-10-27,Ruiru Dam,12000000,0.598,7177072.29
2023-10-27,Thika Dam,9000000,0.647,5823848.25
2023-10-28,Ndakaini Dam,70000000,0.591,41344566.61
2023-10-28,Sasumua Dam,15000000,0.606,9082768.54
2023-10-28,Ruiru Dam,12000000,0.624,7485869.74
2023-10-28,Thika Dam,9000000,0.542,4879355.0
2023-10-29,Ndakaini Dam,70000000,0.571,39965775.48
2023-10-29,Sasumua Dam,15000000,0.496,7436964.68
2023-10-29,Ruiru Dam,12000000,0.597,7163957.75
2023-10-29,Thika Dam,9000000,0.606,5457787.21
2023-10-30,Ndakaini Dam,70000000,0.572,40056860.6
2023-10-30,Sasumua Dam,15000000,0.586,8788690.26
2023-10-30,Ruiru Dam,12000000,0.674,8084452.14
2023-10-30,Thika Dam,9000000,0.633,5693572.99
2023-10-31,Ndakaini Dam,70000000,0.569,39827028.88
2023-10-31,Sasumua Dam,15000000,0.623,9343856.36
2023-10-31,Ruiru Dam,12000000,0.625,7495067.42
2023-10-31,Thika Dam,9000000,0.453,4074845.03
2023-11-01,Ndakaini Dam,70000000,0.631,44148872.34
2023-11-01,Sasumua Dam,15000000,0.527,7911395.08
2023-11-01,Ruiru Dam,12000000,0.746,8954115.63
2023-11-01,Thika Dam,9000000,0.606,5456113.68
2023-11-02,Ndakaini Dam,70000000,0.618,43278764.75
2023-11-02,Sasumua Dam,15000000,0.583,8739088.38
2023-11-02,Ruiru Dam,12000000,0.648,7771906.62
2023-11-02,Thika Dam,9000000,0.677,6090672.65
2023-11-03,Ndakaini Dam,70000000,0.597,41755082.76
2023-11-03,Sasumua Dam,15000000,0.597,8956086.67
2023-11-03,Ruiru Dam,12000000,0.633,7595508.94
2023-11-03,Thika Dam,9000000,0.594,5345911.62
2023-11-04,Ndakaini Dam,70000000,0.563,39443141.19
2023-11-04,Sasumua Dam,15000000,0.587,8801319.34
2023-11-04,Ruiru Dam,12000000,0.679,8142783.38
2023-11-04,Thika Dam,9000000,0.623,5604900.29
2023-11-05,Ndakaini Dam,70000000,0.65,45512954.75
2023-11-05,Sasumua Dam,15000000,0.578,8673512.81
2023-11-05,Ruiru Dam,12000000,0.779,9345036.96
2023-11-05,Thika Dam,9000000,0.596,5362776.96
2023-11-06,Ndakaini Dam,70000000,0.63,44115930.86
2023-11-06,Sasumua Dam,15000000,0.574,8610117.33
2023-11-06,Ruiru Dam,12000000,0.688,8260790.89
2023-11-06,Thika Dam,9000000,0.584,5255689.5
2023-11-07,Ndakaini Dam,70000000,0.611,42796777.3
2023-11-07,Sasumua Dam,15000000,0.617,9260983.78
2023-11-07,Ruiru Dam,12000000,0.677,8128510.9
2023-11-07,Thika Dam,9000000,0.652,5872464.45
2023-11-08,Ndakaini Dam,70000000,0.537,37566471.58
2023-11-08,Sasumua Dam,15000000,0.657,9862485.87
2023-11-08,Ruiru Dam,12000000,0.726,8713447.36
2023-11-08,Thika Dam,9000000,0.599,5389076.26
2023-11-09,Ndakaini Dam,70000000,0.629,44035522.24
2023-11-09,Sasumua Dam,15000000,0.615,9224846.21
2023-11-09,Ruiru Dam,12000000,0.632,7579652.16
2023-11-09,Thika Dam,9000000,0.605,5443881.94
2023-11-10,Ndakaini Dam,70000000,0.642,44964208.3
2023-11-10,Sasumua Dam,15000000,0.482,7235815.06
2023-11-10,Ruiru Dam,12000000,0.702,8423834.54
2023-11-10,Thika Dam,9000000,0.537,4832778.71
2023-11-11,Ndakaini Dam,70000000,0.69,48328170.7
2023-11-11,Sasumua Dam,15000000,0.653,9797356.63
2023-11-11,Ruiru Dam,12000000,0.762,9141381.08
2023-11-11,Thika Dam,9000000,0.59,5311191.42
2023-11-12,Ndakaini Dam,70000000,0.621,43479300.57
2023-11-12,Sasumua Dam,15000000,0.489,7337101.55
2023-11-12,Ruiru Dam,12000000,0.722,8663568.4
2023-11-12,Thika Dam,9000000,0.533,4792692.28
2023-11-13,Ndakaini Dam,70000000,0.567,39706147.08
2023-11-13,Sasumua Dam,15000000,0.575,8617508.38
2023-11-13,Ruiru Dam,12000000,0.634,7612812.03
2023-11-13,Thika Dam,9000000,0.562,5054401.85
2023-11-14,Ndakaini Dam,70000000,0.644,45066571.04
2023-11-14,Sasumua Dam,15000000,0.636,9532903.74
2023-11-14,Ruiru Dam,12000000,0.718,8621139.51
2023-11-14,Thika Dam,9000000,0.621,5588330.15
2023-11-15,Ndakaini Dam,70000000,0.701,49041793.8
2023-11-15,Sasumua Dam,15000000,0.6,8994488.22
2023-11-15,Ruiru Dam,12000000,0.667,8003018.79
2023-11-15,Thika Dam,9000000,0.575,5172732.03
2023-11-16,Ndakaini Dam,70000000,0.673,47088905.54
2023-11-16,Sasumua Dam,15000000,0.54,8100436.33
2023-11-16,Ruiru Dam,12000000,0.713,8550262.07
2023-11-16,Thika Dam,9000000,0.594,5342966.66
2023-11-17,Ndakaini Dam,70000000,0.605,42353015.3
2023-11-17,Sasumua Dam,15000000,0.554,8312694.29
2023-11-17,Ruiru Dam,12000000,0.745,8942511.47
2023-11-17,Thika Dam,9000000,0.574,5166575.51
2023-11-18,Ndakaini Dam,70000000,0.635,44441077.09
2023-11-18,Sasumua Dam,15000000,0.575,8631004.03
2023-11-18,Ruiru Dam,12000000,0.752,9021493.08
2023-11-18,Thika Dam,9000000,0.696,6261738.15
2023-11-19,Ndakaini Dam,70000000,0.696,48733803.32
2023-11-19,Sasumua Dam,15000000,0.582,8729587.42
2023-11-19,Ruiru Dam,12000000,0.718,8614413.39
2023-11-19,Thika Dam,9000000,0.575,5177431.09
2023-11-20,Ndakaini Dam,70000000,0.663,46425870.11
2023-11-20,Sasumua Dam,15000000,0.515,7722766.3
2023-11-20,Ruiru Dam,12000000,0.714,8573637.96
2023-11-20,Thika Dam,9000000,0.62,5579518.18
2023-11-21,Ndakaini Dam,70000000,0.677,47370593.34
2023-11-21,Sasumua Dam,15000000,0.604,9061037.42
2023-11-21,Ruiru Dam,12000000,0.746,8957255.76
2023-11-21,Thika Dam,9000000,0.587,5278593.95
2023-11-22,Ndakaini Dam,70000000,0.695,48616163.29
2023-11-22,Sasumua Dam,15000000,0.63,9454632.02
2023-11-22,Ruiru Dam,12000000,0.761,9134011.22
2023-11-22,Thika Dam,9000000,0.685,6160749.59
2023-11-23,Ndakaini Dam,70000000,0.611,42779311.12
2023-11-23,Sasumua Dam,15000000,0.635,9518701.55
2023-11-23,Ruiru Dam,12000000,0.65,7805331.18
2023-11-23,Thika Dam,9000000,0.687,6180406.66
2023-11-24,Ndakaini Dam,70000000,0.618,43269434.08
2023-11-24,Sasumua Dam,15000000,0.592,8876847.41
2023-11-24,Ruiru Dam,12000000,0.722,8660024.42
2023-11-24,Thika Dam,9000000,0.668,6009434.42
2023-11-25,Ndakaini Dam,70000000,0.681,47701156.55
2023-11-25,Sasumua Dam,15000000,0.651,9767426.03
2023-11-25,Ruiru Dam,12000000,0.714,8562047.85
2023-11-25,Thika Dam,9000000,0.645,5805763.94
2023-11-26,Ndakaini Dam,70000000,0.577,40365775.24
2023-11-26,Sasumua Dam,15000000,0.666,9994488.68
2023-11-26,Ruiru Dam,12000000,0.7,8405234.22
2023-11-26,Thika Dam,9000000,0.613,5521255.88
2023-11-27,Ndakaini Dam,70000000,0.764,53478257.74
2023-11-27,Sasumua Dam,15000000,0.482,7225397.17
2023-11-27,Ruiru Dam,12000000,0.722,8662790.04
2023-11-27,Thika Dam,9000000,0.525,4726271.85
2023-11-28,Ndakaini Dam,70000000,0.686,48039202.19
2023-11-28,Sasumua Dam,15000000,0.584,8765147.47
2023-11-28,Ruiru Dam,12000000,0.573,6871016.64
2023-11-28,Thika Dam,9000000,0.694,6243801.45
2023-11-29,Ndakaini Dam,70000000,0.607,42489934.09
2023-11-29,Sasumua Dam,15000000,0.669,10033868.7
2023-11-29,Ruiru Dam,12000000,0.673,8073052.24
2023-11-29,Thika Dam,9000000,0.618,5564462.81
2023-11-30,Ndakaini Dam,70000000,0.56,39166379.37
2023-11-30,Sasumua Dam,15000000,0.645,9673971.02
2023-11-30,Ruiru Dam,12000000,0.695,8340031.83
2023-11-30,Thika Dam,9000000,0.625,5628342.47
2023-12-01,Ndakaini Dam,70000000,0.671,46982764.47
2023-12-01,Sasumua Dam,15000000,0.544,8152994.59
2023-12-01,Ruiru Dam,12000000,0.76,9125865.33
2023-12-01,Thika Dam,9000000,0.618,5559827.92
2023-12-02,Ndakaini Dam,70000000,0.793,55506483.6
2023-12-02,Sasumua Dam,15000000,0.604,9063151.0
2023-12-02,Ruiru Dam,12000000,0.709,8504535.54
2023-12-02,Thika Dam,9000000,0.58,5223246.66
2023-12-03,Ndakaini Dam,70000000,0.6,41985087.97
2023-12-03,Sasumua Dam,15000000,0.674,10115277.06
2023-12-03,Ruiru Dam,12000000,0.784,9402295.92
2023-12-03,Thika Dam,9000000,0.622,5599777.22
2023-12-04,Ndakaini Dam,70000000,0.689,48218226.19
2023-12-04,Sasumua Dam,15000000,0.695,10422883.39
2023-12-04,Ruiru Dam,12000000,0.747,8966866.53
2023-12-04,Thika Dam,9000000,0.677,6093057.67
2023-12-05,Ndakaini Dam,70000000,0.689,48261289.28
2023-12-05,Sasumua Dam,15000000,0.602,9036868.79
2023-12-05,Ruiru Dam,12000000,0.754,9052275.55
2023-12-05,Thika Dam,9000000,0.748,6734890.13
2023-12-06,Ndakaini Dam,70000000,0.661,46297995.86
2023-12-06,Sasumua Dam,15000000,0.681,10211913.81
2023-12-06,Ruiru Dam,12000000,0.746,8957871.87
2023-12-06,Thika Dam,9000000,0.628,5651383.8
2023-12-07,Ndakaini Dam,70000000,0.735,51417857.32
2023-12-07,Sasumua Dam,15000000,0.679,10180897.75
2023-12-07,Ruiru Dam,12000000,0.769,9225558.02
2023-12-07,Thika Dam,9000000,0.747,6724868.25
2023-12-08,Ndakaini Dam,70000000,0.784,54874949.39
2023-12-08,Sasumua Dam,15000000,0.645,9672732.65
2023-12-08,Ruiru Dam,12000000,0.737,8842138.35
2023-12-08,Thika Dam,9000000,0.591,5317035.15
2023-12-09,Ndakaini Dam,70000000,0.771,53984103.63
2023-12-09,Sasumua Dam,15000000,0.641,9613345.02
2023-12-09,Ruiru Dam,12000000,0.714,8569194.63
2023-12-09,Thika Dam,9000000,0.618,5560832.24
2023-12-10,Ndakaini Dam,70000000,0.65,45494501.87
2023-12-10,Sasumua Dam,15000000,0.735,11023267.78
2023-12-10,Ruiru Dam,12000000,0.792,9502350.0
2023-12-10,Thika Dam,9000000,0.593,5332942.05
2023-12-11,Ndakaini Dam,70000000,0.627,43889565.96
2023-12-11,Sasumua Dam,15000000,0.655,9831972.35
2023-12-11,Ruiru Dam,12000000,0.699,8382581.84
2023-12-11,Thika Dam,9000000,0.657,5910917.97
2023-12-12,Ndakaini Dam,70000000,0.779,54562245.26
2023-12-12,Sasumua Dam,15000000,0.705,10579206.23
2023-12-12,Ruiru Dam,12000000,0.666,7994886.86
2023-12-12,Thika Dam,9000000,0.621,5591283.15
2023-12-13,Ndakaini Dam,70000000,0.717,50158260.98
2023-12-13,Sasumua Dam,15000000,0.711,10661252.26
2023-12-13,Ruiru Dam,12000000,0.713,8558023.02
2023-12-13,Thika Dam,9000000,0.693,6234193.03
2023-12-14,Ndakaini Dam,70000000,0.684,47878722.55
2023-12-14,Sasumua Dam,15000000,0.744,11164962.27
2023-12-14,Ruiru Dam,12000000,0.788,9454180.63
2023-12-14,Thika Dam,9000000,0.667,6003580.75
2023-12-15,Ndakaini Dam,70000000,0.634,44413106.12
2023-12-15,Sasumua Dam,15000000,0.606,9092003.34
2023-12-15,Ruiru Dam,12000000,0.633,7595339.69
2023-12-15,Thika Dam,9000000,0.693,6235367.72
2023-12-16,Ndakaini Dam,70000000,0.745,52149913.2
2023-12-16,Sasumua Dam,15000000,0.698,10462797.15
2023-12-16,Ruiru Dam,12000000,0.731,8771968.74
2023-12-16,Thika Dam,9000000,0.746,6711306.87
2023-12-17,Ndakaini Dam,70000000,0.793,55536395.06
2023-12-17,Sasumua Dam,15000000,0.631,9463962.87
2023-12-17,Ruiru Dam,12000000,0.823,9879296.15
2023-12-17,Thika Dam,9000000,0.691,6220728.2
2023-12-18,Ndakaini Dam,70000000,0.69,48326155.03
2023-12-18,Sasumua Dam,15000000,0.728,10924073.75
2023-12-18,Ruiru Dam,12000000,0.706,8476631.23
2023-12-18,Thika Dam,9000000,0.612,5512182.13
2023-12-19,Ndakaini Dam,70000000,0.699,48959684.3
2023-12-19,Sasumua Dam,15000000,0.658,9867113.73
2023-12-19,Ruiru Dam,12000000,0.687,8244829.72
2023-12-19,Thika Dam,9000000,0.714,6423907.82
2023-12-20,Ndakaini Dam,70000000,0.683,47791825.32
2023-12-20,Sasumua Dam,15000000,0.606,9094477.76
2023-12-20,Ruiru Dam,12000000,0.804,9650994.95
2023-12-20,Thika Dam,9000000,0.67,6032659.6
2023-12-21,Ndakaini Dam,70000000,0.777,54402912.43
2023-12-21,Sasumua Dam,15000000,0.697,10459020.65
2023-12-21,Ruiru Dam,12000000,0.764,9172901.13
2023-12-21,Thika Dam,9000000,0.749,6742842.62
2023-12-22,Ndakaini Dam,70000000,0.748,52351051.95
2023-12-22,Sasumua Dam,15000000,0.676,10138010.19
2023-12-22,Ruiru Dam,12000000,0.802,9629272.44
2023-12-22,Thika Dam,9000000,0.724,6516599.21
2023-12-23,Ndakaini Dam,70000000,0.675,47228203.04
2023-12-23,Sasumua Dam,15000000,0.797,11959764.17
2023-12-23,Ruiru Dam,12000000,0.783,9393484.08
2023-12-23,Thika Dam,9000000,0.704,6334113.62
2023-12-24,Ndakaini Dam,70000000,0.644,45087901.34
2023-12-24,Sasumua Dam,15000000,0.688,10325933.58
2023-12-24,Ruiru Dam,12000000,0.791,9486711.82
2023-12-24,Thika Dam,9000000,0.644,5800308.47
2023-12-25,Ndakaini Dam,70000000,0.683,47778962.36
2023-12-25,Sasumua Dam,15000000,0.64,9593549.8
2023-12-25,Ruiru Dam,12000000,0.77,9237359.59
2023-12-25,Thika Dam,9000000,0.715,6436797.34
2023-12-26,Ndakaini Dam,70000000,0.726,50816930.68
2023-12-26,Sasumua Dam,15000000,0.702,10533644.0
2023-12-26,Ruiru Dam,12000000,0.821,9850428.48
2023-12-26,Thika Dam,9000000,0.734,6608247.14
2023-12-27,Ndakaini Dam,70000000,0.758,53051929.55
2023-12-27,Sasumua Dam,15000000,0.704,10559459.73
2023-12-27,Ruiru Dam,12000000,0.804,9649670.01
2023-12-27,Thika Dam,9000000,0.702,6321073.11
2023-12-28,Ndakaini Dam,70000000,0.709,49648581.22
2023-12-28,Sasumua Dam,15000000,0.688,10313980.98
2023-12-28,Ruiru Dam,12000000,0.825,9898976.32
2023-12-28,Thika Dam,9000000,0.745,6701681.4
2023-12-29,Ndakaini Dam,70000000,0.77,53916117.11
2023-12-29,Sasumua Dam,15000000,0.671,10066151.1
2023-12-29,Ruiru Dam,12000000,0.784,9408164.03
2023-12-29,Thika Dam,9000000,0.704,6337841.01
2023-12-30,Ndakaini Dam,70000000,0.717,50194544.29
2023-12-30,Sasumua Dam,15000000,0.742,11131730.35
2023-12-30,Ruiru Dam,12000000,0.705,8464660.07
2023-12-30,Thika Dam,9000000,0.819,7366665.47
2023-12-31,Ndakaini Dam,70000000,0.854,59758593.83
2023-12-31,Sasumua Dam,15000000,0.703,10537505.46
2023-12-31,Ruiru Dam,12000000,0.82,9843120.85
2023-12-31,Thika Dam,9000000,0.762,6862123.25
